year_month,year,month,team_name,country_iso3,hltv_rank,hltv_points
2012-09,2012,9,NiP,SWE,1,974
2012-10,2012,10,NiP,SWE,2,854
2012-11,2012,11,NiP,SWE,1,951
2012-12,2012,12,NiP,SWE,2,802
2013-01,2013,1,NiP,SWE,2,827
2013-02,2013,2,NiP,SWE,2,834
2013-03,2013,3,NiP,SWE,3,719
2013-04,2013,4,NiP,SWE,1,1019
2014-08,2014,8,NiP,SWE,3,725
2014-09,2014,9,NiP,SWE,3,709
2014-10,2014,10,NiP,SWE,2,844
2014-11,2014,11,NiP,SWE,1,976
2014-12,2014,12,NiP,SWE,4,581
2015-01,2015,1,NiP,SWE,4,578
2015-02,2015,2,NiP,SWE,3,728
2015-03,2015,3,NiP,SWE,1,996
2015-05,2015,5,NiP,SWE,4,573
2015-06,2015,6,NiP,SWE,4,596
2015-07,2015,7,NiP,SWE,3,707
2015-08,2015,8,NiP,SWE,1,1010
2015-09,2015,9,NiP,SWE,5,476
2015-10,2015,10,NiP,SWE,4,569
2015-11,2015,11,NiP,SWE,5,502
2015-12,2015,12,NiP,SWE,2,863
2016-01,2016,1,NiP,SWE,3,676
2016-02,2016,2,NiP,SWE,1,979
2016-03,2016,3,NiP,SWE,3,716
2016-04,2016,4,NiP,SWE,4,596
2016-05,2016,5,NiP,SWE,8,289
2016-06,2016,6,NiP,SWE,9,239
2016-07,2016,7,NiP,SWE,9,258
2016-08,2016,8,NiP,SWE,6,412
2016-09,2016,9,NiP,SWE,9,238
2016-10,2016,10,NiP,SWE,5,493
2016-11,2016,11,NiP,SWE,8,247
2016-12,2016,12,NiP,SWE,8,275
2017-01,2017,1,NiP,SWE,7,323
2017-02,2017,2,NiP,SWE,7,332
2017-03,2017,3,NiP,SWE,6,384
2017-04,2017,4,NiP,SWE,5,510
2017-05,2017,5,NiP,SWE,9,228
2017-06,2017,6,NiP,SWE,7,343
2017-07,2017,7,NiP,SWE,7,357
2017-08,2017,8,NiP,SWE,7,359
2017-09,2017,9,NiP,SWE,8,272
2017-10,2017,10,NiP,SWE,5,508
2017-11,2017,11,NiP,SWE,6,374
2017-12,2017,12,NiP,SWE,7,311
2018-01,2018,1,NiP,SWE,14,108
2018-02,2018,2,NiP,SWE,10,201
2018-03,2018,3,NiP,SWE,12,127
2018-04,2018,4,NiP,SWE,13,119
2018-05,2018,5,NiP,SWE,14,88
2018-06,2018,6,NiP,SWE,13,126
2018-07,2018,7,NiP,SWE,11,156
2018-08,2018,8,NiP,SWE,10,188
2018-09,2018,9,NiP,SWE,13,127
2018-10,2018,10,NiP,SWE,13,103
2018-11,2018,11,NiP,SWE,14,108
2018-12,2018,12,NiP,SWE,12,149
2019-01,2019,1,NiP,SWE,12,135
2019-02,2019,2,NiP,SWE,12,127
2019-03,2019,3,NiP,SWE,13,73
2019-04,2019,4,NiP,SWE,13,79
2019-05,2019,5,NiP,SWE,11,140
2019-06,2019,6,NiP,SWE,10,207
2019-07,2019,7,NiP,SWE,12,128
2019-08,2019,8,NiP,SWE,13,147
2019-09,2019,9,NiP,SWE,11,183
2019-10,2019,10,NiP,SWE,13,91
2019-11,2019,11,NiP,SWE,13,91
2019-12,2019,12,NiP,SWE,11,156
2020-01,2020,1,NiP,SWE,10,154
2020-02,2020,2,NiP,SWE,12,148
2020-03,2020,3,NiP,SWE,14,81
2020-04,2020,4,NiP,SWE,12,101
2020-05,2020,5,NiP,SWE,10,184
2020-06,2020,6,NiP,SWE,13,121
2020-07,2020,7,NiP,SWE,17,96
2020-08,2020,8,NiP,SWE,19,50
2020-09,2020,9,NiP,SWE,19,50
2020-10,2020,10,NiP,SWE,16,72
2020-11,2020,11,NiP,SWE,16,88
2020-12,2020,12,NiP,SWE,18,55
2021-01,2021,1,NiP,SWE,19,50
2021-02,2021,2,NiP,SWE,16,51
2021-03,2021,3,NiP,SWE,17,50
2021-04,2021,4,NiP,SWE,20,50
2021-05,2021,5,NiP,SWE,19,50
2021-06,2021,6,NiP,SWE,18,50
2021-07,2021,7,NiP,SWE,18,54
2021-08,2021,8,NiP,SWE,18,67
2021-09,2021,9,NiP,SWE,17,128
2021-10,2021,10,NiP,SWE,18,57
2021-11,2021,11,NiP,SWE,16,50
2021-12,2021,12,NiP,SWE,18,53
2022-01,2022,1,NiP,SWE,20,50
2022-02,2022,2,NiP,SWE,17,50
2022-03,2022,3,NiP,SWE,17,82
2022-04,2022,4,NiP,SWE,16,71
2022-05,2022,5,NiP,SWE,18,50
2022-06,2022,6,NiP,SWE,16,50
2022-07,2022,7,NiP,SWE,19,50
2022-08,2022,8,NiP,SWE,19,83
2022-09,2022,9,NiP,SWE,20,57
2022-10,2022,10,NiP,SWE,19,50
2022-11,2022,11,NiP,SWE,20,50
2022-12,2022,12,NiP,SWE,17,50
2023-01,2023,1,NiP,SWE,18,50
2023-02,2023,2,NiP,SWE,17,77
2023-03,2023,3,NiP,SWE,20,56
2023-04,2023,4,NiP,SWE,17,65
2023-05,2023,5,NiP,SWE,19,50
2023-06,2023,6,NiP,SWE,18,50
2023-07,2023,7,NiP,SWE,16,55
2023-08,2023,8,NiP,SWE,16,50
2023-09,2023,9,NiP,SWE,20,50
2023-10,2023,10,NiP,SWE,20,72
2023-11,2023,11,NiP,SWE,20,50
2023-12,2023,12,NiP,SWE,20,50
2024-01,2024,1,NiP,SWE,18,52
2024-02,2024,2,NiP,SWE,17,50
2024-03,2024,3,NiP,SWE,18,57
2024-04,2024,4,NiP,SWE,17,94
2024-05,2024,5,NiP,SWE,17,50
2024-06,2024,6,NiP,SWE,17,50
2024-07,2024,7,NiP,SWE,16,110
2024-08,2024,8,NiP,SWE,16,62
2024-09,2024,9,NiP,SWE,19,75
2024-10,2024,10,NiP,SWE,16,50
2024-11,2024,11,NiP,SWE,17,72
2024-12,2024,12,NiP,SWE,17,50
2025-01,2025,1,NiP,SWE,18,50
2025-02,2025,2,NiP,SWE,18,55
2025-03,2025,3,NiP,SWE,16,69
2025-04,2025,4,NiP,SWE,17,72
2025-05,2025,5,NiP,SWE,20,50
2025-06,2025,6,NiP,SWE,16,50
2025-07,2025,7,NiP,SWE,19,50
2025-08,2025,8,NiP,SWE,18,50
2025-09,2025,9,NiP,SWE,16,50
2025-10,2025,10,NiP,SWE,19,50
2025-11,2025,11,NiP,SWE,18,59
2025-12,2025,12,NiP,SWE,16,55
2026-01,2026,1,NiP,SWE,20,57
2026-02,2026,2,NiP,SWE,17,69
2026-03,2026,3,NiP,SWE,17,52
2026-04,2026,4,NiP,SWE,20,50
2013-06,2013,6,Fnatic,SWE,2,841
2013-07,2013,7,Fnatic,SWE,1,1004
2013-08,2013,8,Fnatic,SWE,4,585
2013-09,2013,9,Fnatic,SWE,1,1005
2013-10,2013,10,Fnatic,SWE,1,1046
2013-11,2013,11,Fnatic,SWE,4,561
2013-12,2013,12,Fnatic,SWE,3,661
2014-01,2014,1,Fnatic,SWE,4,567
2014-02,2014,2,Fnatic,SWE,4,612
2014-03,2014,3,Fnatic,SWE,1,981
2014-04,2014,4,Fnatic,SWE,1,946
2014-05,2014,5,Fnatic,SWE,3,693
2014-06,2014,6,Fnatic,SWE,3,684
2014-07,2014,7,Fnatic,SWE,3,675
2014-08,2014,8,Fnatic,SWE,1,956
2014-09,2014,9,Fnatic,SWE,3,661
2014-10,2014,10,Fnatic,SWE,2,803
2014-11,2014,11,Fnatic,SWE,1,972
2014-12,2014,12,Fnatic,SWE,4,655
2015-03,2015,3,Fnatic,SWE,3,668
2015-04,2015,4,Fnatic,SWE,1,1008
2015-05,2015,5,Fnatic,SWE,1,1043
2015-06,2015,6,Fnatic,SWE,1,993
2015-07,2015,7,Fnatic,SWE,1,1019
2015-08,2015,8,Fnatic,SWE,1,990
2015-09,2015,9,Fnatic,SWE,1,996
2015-10,2015,10,Fnatic,SWE,1,994
2015-11,2015,11,Fnatic,SWE,1,993
2015-12,2015,12,Fnatic,SWE,1,986
2016-01,2016,1,Fnatic,SWE,1,1011
2016-02,2016,2,Fnatic,SWE,1,1003
2016-03,2016,3,Fnatic,SWE,2,844
2016-04,2016,4,Fnatic,SWE,3,697
2016-05,2016,5,Fnatic,SWE,5,468
2016-06,2016,6,Fnatic,SWE,5,484
2016-07,2016,7,Fnatic,SWE,3,750
2016-08,2016,8,Fnatic,SWE,6,416
2016-09,2016,9,Fnatic,SWE,5,467
2016-10,2016,10,Fnatic,SWE,3,704
2016-11,2016,11,Fnatic,SWE,4,554
2016-12,2016,12,Fnatic,SWE,3,704
2017-01,2017,1,Fnatic,SWE,7,351
2017-02,2017,2,Fnatic,SWE,6,429
2017-03,2017,3,Fnatic,SWE,3,709
2017-04,2017,4,Fnatic,SWE,4,570
2017-05,2017,5,Fnatic,SWE,7,346
2017-06,2017,6,Fnatic,SWE,6,399
2017-07,2017,7,Fnatic,SWE,13,112
2017-08,2017,8,Fnatic,SWE,14,100
2017-09,2017,9,Fnatic,SWE,12,174
2017-10,2017,10,Fnatic,SWE,14,90
2017-11,2017,11,Fnatic,SWE,12,142
2017-12,2017,12,Fnatic,SWE,11,156
2018-01,2018,1,Fnatic,SWE,11,121
2018-02,2018,2,Fnatic,SWE,10,241
2018-03,2018,3,Fnatic,SWE,12,99
2018-04,2018,4,Fnatic,SWE,12,129
2018-05,2018,5,Fnatic,SWE,11,163
2018-06,2018,6,Fnatic,SWE,10,189
2018-07,2018,7,Fnatic,SWE,13,147
2018-08,2018,8,Fnatic,SWE,13,158
2018-09,2018,9,Fnatic,SWE,14,125
2018-10,2018,10,Fnatic,SWE,12,181
2018-11,2018,11,Fnatic,SWE,12,149
2018-12,2018,12,Fnatic,SWE,11,157
2019-01,2019,1,Fnatic,SWE,14,97
2019-02,2019,2,Fnatic,SWE,6,431
2019-03,2019,3,Fnatic,SWE,7,310
2019-04,2019,4,Fnatic,SWE,8,278
2019-05,2019,5,Fnatic,SWE,9,266
2019-06,2019,6,Fnatic,SWE,9,282
2019-07,2019,7,Fnatic,SWE,6,424
2019-08,2019,8,Fnatic,SWE,8,281
2019-09,2019,9,Fnatic,SWE,10,168
2019-10,2019,10,Fnatic,SWE,6,444
2019-11,2019,11,Fnatic,SWE,10,213
2019-12,2019,12,Fnatic,SWE,10,172
2020-01,2020,1,Fnatic,SWE,9,237
2020-02,2020,2,Fnatic,SWE,9,220
2020-03,2020,3,Fnatic,SWE,8,291
2020-04,2020,4,Fnatic,SWE,6,421
2020-05,2020,5,Fnatic,SWE,8,226
2020-06,2020,6,Fnatic,SWE,9,238
2020-07,2020,7,Fnatic,SWE,8,294
2020-08,2020,8,Fnatic,SWE,8,232
2020-09,2020,9,Fnatic,SWE,8,268
2020-10,2020,10,Fnatic,SWE,10,158
2020-11,2020,11,Fnatic,SWE,6,443
2020-12,2020,12,Fnatic,SWE,8,304
2021-01,2021,1,Fnatic,SWE,9,222
2021-02,2021,2,Fnatic,SWE,14,123
2021-03,2021,3,Fnatic,SWE,16,73
2021-04,2021,4,Fnatic,SWE,17,62
2021-05,2021,5,Fnatic,SWE,16,50
2021-06,2021,6,Fnatic,SWE,15,76
2021-07,2021,7,Fnatic,SWE,14,105
2021-08,2021,8,Fnatic,SWE,13,88
2021-09,2021,9,Fnatic,SWE,17,53
2021-10,2021,10,Fnatic,SWE,13,96
2021-11,2021,11,Fnatic,SWE,16,50
2021-12,2021,12,Fnatic,SWE,14,117
2022-01,2022,1,Fnatic,SWE,16,67
2022-02,2022,2,Fnatic,SWE,16,88
2022-03,2022,3,Fnatic,SWE,17,77
2022-04,2022,4,Fnatic,SWE,15,138
2022-05,2022,5,Fnatic,SWE,13,110
2022-06,2022,6,Fnatic,SWE,13,155
2022-07,2022,7,Fnatic,SWE,13,103
2022-08,2022,8,Fnatic,SWE,15,113
2022-09,2022,9,Fnatic,SWE,13,75
2022-10,2022,10,Fnatic,SWE,15,50
2022-11,2022,11,Fnatic,SWE,14,76
2022-12,2022,12,Fnatic,SWE,13,128
2023-01,2023,1,Fnatic,SWE,14,103
2023-02,2023,2,Fnatic,SWE,15,50
2023-03,2023,3,Fnatic,SWE,13,116
2023-04,2023,4,Fnatic,SWE,16,78
2023-05,2023,5,Fnatic,SWE,14,113
2023-06,2023,6,Fnatic,SWE,16,50
2023-07,2023,7,Fnatic,SWE,17,59
2023-08,2023,8,Fnatic,SWE,16,72
2023-09,2023,9,Fnatic,SWE,13,128
2023-10,2023,10,Fnatic,SWE,14,91
2023-11,2023,11,Fnatic,SWE,14,101
2023-12,2023,12,Fnatic,SWE,17,50
2024-01,2024,1,Fnatic,SWE,13,128
2024-02,2024,2,Fnatic,SWE,17,53
2024-03,2024,3,Fnatic,SWE,13,136
2024-04,2024,4,Fnatic,SWE,17,50
2024-05,2024,5,Fnatic,SWE,16,50
2024-06,2024,6,Fnatic,SWE,14,79
2024-07,2024,7,Fnatic,SWE,17,74
2024-08,2024,8,Fnatic,SWE,17,61
2024-09,2024,9,Fnatic,SWE,17,83
2024-10,2024,10,Fnatic,SWE,17,54
2024-11,2024,11,Fnatic,SWE,17,89
2024-12,2024,12,Fnatic,SWE,15,59
2025-01,2025,1,Fnatic,SWE,16,52
2025-02,2025,2,Fnatic,SWE,17,50
2025-03,2025,3,Fnatic,SWE,16,58
2025-04,2025,4,Fnatic,SWE,13,158
2025-05,2025,5,Fnatic,SWE,16,50
2025-06,2025,6,Fnatic,SWE,15,54
2025-07,2025,7,Fnatic,SWE,13,127
2025-08,2025,8,Fnatic,SWE,14,50
2025-09,2025,9,Fnatic,SWE,17,79
2025-10,2025,10,Fnatic,SWE,14,82
2025-11,2025,11,Fnatic,SWE,13,88
2025-12,2025,12,Fnatic,SWE,15,91
2026-01,2026,1,Fnatic,SWE,15,75
2026-02,2026,2,Fnatic,SWE,17,65
2026-03,2026,3,Fnatic,SWE,15,113
2026-04,2026,4,Fnatic,SWE,15,50
2014-03,2014,3,Virtus.pro,POL,3,724
2014-04,2014,4,Virtus.pro,POL,3,725
2014-05,2014,5,Virtus.pro,POL,5,496
2014-06,2014,6,Virtus.pro,POL,4,591
2014-07,2014,7,Virtus.pro,POL,4,631
2014-08,2014,8,Virtus.pro,POL,2,837
2014-09,2014,9,Virtus.pro,POL,2,839
2014-10,2014,10,Virtus.pro,POL,2,814
2014-11,2014,11,Virtus.pro,POL,3,706
2014-12,2014,12,Virtus.pro,POL,4,590
2015-01,2015,1,Virtus.pro,POL,5,465
2015-02,2015,2,Virtus.pro,POL,6,354
2015-03,2015,3,Virtus.pro,POL,3,669
2015-04,2015,4,Virtus.pro,POL,6,399
2015-05,2015,5,Virtus.pro,POL,2,883
2015-06,2015,6,Virtus.pro,POL,2,811
2015-07,2015,7,Virtus.pro,POL,3,706
2015-08,2015,8,Virtus.pro,POL,4,575
2015-09,2015,9,Virtus.pro,POL,5,491
2015-10,2015,10,Virtus.pro,POL,5,478
2015-11,2015,11,Virtus.pro,POL,3,724
2015-12,2015,12,Virtus.pro,POL,2,835
2016-01,2016,1,Virtus.pro,POL,4,647
2016-02,2016,2,Virtus.pro,POL,6,442
2016-03,2016,3,Virtus.pro,POL,4,585
2016-04,2016,4,Virtus.pro,POL,2,833
2016-05,2016,5,Virtus.pro,POL,6,402
2016-06,2016,6,Virtus.pro,POL,3,708
2016-07,2016,7,Virtus.pro,POL,5,465
2016-08,2016,8,Virtus.pro,POL,3,712
2016-09,2016,9,Virtus.pro,POL,4,599
2016-10,2016,10,Virtus.pro,POL,6,415
2016-11,2016,11,Virtus.pro,POL,6,399
2016-12,2016,12,Virtus.pro,POL,4,575
2017-01,2017,1,Virtus.pro,POL,3,721
2017-02,2017,2,Virtus.pro,POL,2,826
2017-03,2017,3,Virtus.pro,POL,5,436
2017-04,2017,4,Virtus.pro,POL,5,520
2017-05,2017,5,Virtus.pro,POL,6,428
2017-06,2017,6,Virtus.pro,POL,3,660
2017-07,2017,7,Virtus.pro,POL,5,412
2017-08,2017,8,Virtus.pro,POL,4,643
2017-09,2017,9,Virtus.pro,POL,6,417
2017-10,2017,10,Virtus.pro,POL,4,594
2017-11,2017,11,Virtus.pro,POL,3,658
2017-12,2017,12,Virtus.pro,POL,5,489
2018-01,2018,1,Virtus.pro,POL,3,695
2018-02,2018,2,Virtus.pro,POL,19,50
2018-03,2018,3,Virtus.pro,POL,17,72
2018-04,2018,4,Virtus.pro,POL,19,61
2018-05,2018,5,Virtus.pro,POL,16,107
2018-06,2018,6,Virtus.pro,POL,20,50
2018-07,2018,7,Virtus.pro,POL,18,80
2018-08,2018,8,Virtus.pro,POL,19,74
2018-09,2018,9,Virtus.pro,POL,16,56
2018-10,2018,10,Virtus.pro,POL,17,59
2018-11,2018,11,Virtus.pro,POL,16,73
2018-12,2018,12,Virtus.pro,POL,18,50
2019-01,2019,1,Virtus.pro,POL,18,50
2019-02,2019,2,Virtus.pro,POL,17,67
2019-03,2019,3,Virtus.pro,POL,20,50
2019-04,2019,4,Virtus.pro,POL,16,53
2019-05,2019,5,Virtus.pro,POL,17,84
2019-06,2019,6,Virtus.pro,POL,19,50
2019-07,2019,7,Virtus.pro,POL,18,50
2019-08,2019,8,Virtus.pro,POL,20,50
2019-09,2019,9,Virtus.pro,POL,20,50
2019-10,2019,10,Virtus.pro,POL,18,50
2019-11,2019,11,Virtus.pro,POL,19,50
2019-12,2019,12,Virtus.pro,POL,19,56
2020-01,2020,1,Virtus.pro,POL,17,72
2020-02,2020,2,Virtus.pro,POL,7,353
2020-03,2020,3,Virtus.pro,POL,7,347
2020-04,2020,4,Virtus.pro,POL,6,404
2020-05,2020,5,Virtus.pro,POL,7,331
2020-06,2020,6,Virtus.pro,POL,4,556
2020-07,2020,7,Virtus.pro,POL,5,455
2020-08,2020,8,Virtus.pro,POL,5,473
2020-09,2020,9,Virtus.pro,POL,5,464
2020-10,2020,10,Virtus.pro,POL,3,706
2020-11,2020,11,Virtus.pro,POL,4,584
2020-12,2020,12,Virtus.pro,POL,4,605
2021-01,2021,1,Virtus.pro,POL,3,716
2021-02,2021,2,Virtus.pro,POL,4,566
2021-03,2021,3,Virtus.pro,POL,3,711
2021-04,2021,4,Virtus.pro,POL,5,450
2021-05,2021,5,Virtus.pro,POL,4,581
2021-06,2021,6,Virtus.pro,POL,5,464
2021-07,2021,7,Virtus.pro,POL,4,587
2021-08,2021,8,Virtus.pro,POL,6,439
2021-09,2021,9,Virtus.pro,POL,14,127
2021-10,2021,10,Virtus.pro,POL,14,105
2021-11,2021,11,Virtus.pro,POL,13,55
2021-12,2021,12,Virtus.pro,POL,11,157
2022-01,2022,1,Virtus.pro,POL,14,69
2022-02,2022,2,Virtus.pro,POL,10,247
2022-03,2022,3,Virtus.pro,POL,10,168
2022-04,2022,4,Virtus.pro,POL,13,121
2022-05,2022,5,Virtus.pro,POL,12,178
2022-06,2022,6,Virtus.pro,POL,10,204
2022-07,2022,7,Virtus.pro,POL,14,141
2022-08,2022,8,Virtus.pro,POL,14,85
2022-09,2022,9,Virtus.pro,POL,13,74
2022-10,2022,10,Virtus.pro,POL,11,154
2022-11,2022,11,Virtus.pro,POL,10,184
2022-12,2022,12,Virtus.pro,POL,14,102
2023-01,2023,1,Virtus.pro,POL,14,51
2023-02,2023,2,Virtus.pro,POL,11,150
2023-03,2023,3,Virtus.pro,POL,12,169
2023-04,2023,4,Virtus.pro,POL,11,149
2023-05,2023,5,Virtus.pro,POL,12,151
2023-06,2023,6,Virtus.pro,POL,12,149
2023-07,2023,7,Virtus.pro,POL,14,54
2023-08,2023,8,Virtus.pro,POL,14,70
2023-09,2023,9,Virtus.pro,POL,10,203
2023-10,2023,10,Virtus.pro,POL,13,126
2023-11,2023,11,Virtus.pro,POL,13,95
2023-12,2023,12,Virtus.pro,POL,13,133
2024-01,2024,1,Virtus.pro,POL,13,121
2024-02,2024,2,Virtus.pro,POL,14,132
2024-03,2024,3,Virtus.pro,POL,11,154
2024-04,2024,4,Virtus.pro,POL,12,144
2024-05,2024,5,Virtus.pro,POL,10,182
2024-06,2024,6,Virtus.pro,POL,12,124
2024-07,2024,7,Virtus.pro,POL,10,187
2024-08,2024,8,Virtus.pro,POL,13,89
2024-09,2024,9,Virtus.pro,POL,13,55
2024-10,2024,10,Virtus.pro,POL,12,201
2024-11,2024,11,Virtus.pro,POL,11,155
2024-12,2024,12,Virtus.pro,POL,13,107
2025-01,2025,1,Virtus.pro,POL,12,130
2025-02,2025,2,Virtus.pro,POL,12,110
2025-03,2025,3,Virtus.pro,POL,14,110
2025-04,2025,4,Virtus.pro,POL,13,77
2025-05,2025,5,Virtus.pro,POL,11,182
2025-06,2025,6,Virtus.pro,POL,12,142
2025-07,2025,7,Virtus.pro,POL,14,87
2025-08,2025,8,Virtus.pro,POL,12,153
2025-09,2025,9,Virtus.pro,POL,10,154
2025-10,2025,10,Virtus.pro,POL,10,188
2025-11,2025,11,Virtus.pro,POL,11,211
2025-12,2025,12,Virtus.pro,POL,11,206
2026-01,2026,1,Virtus.pro,POL,10,170
2026-02,2026,2,Virtus.pro,POL,11,173
2026-03,2026,3,Virtus.pro,POL,11,143
2026-04,2026,4,Virtus.pro,POL,14,126
2017-01,2017,1,Astralis,DNK,4,574
2017-02,2017,2,Astralis,DNK,5,486
2017-03,2017,3,Astralis,DNK,5,464
2017-04,2017,4,Astralis,DNK,5,484
2017-05,2017,5,Astralis,DNK,2,792
2017-06,2017,6,Astralis,DNK,3,709
2017-07,2017,7,Astralis,DNK,2,822
2017-08,2017,8,Astralis,DNK,5,506
2017-09,2017,9,Astralis,DNK,4,589
2017-10,2017,10,Astralis,DNK,1,967
2017-11,2017,11,Astralis,DNK,2,856
2017-12,2017,12,Astralis,DNK,1,1059
2018-01,2018,1,Astralis,DNK,1,1010
2018-02,2018,2,Astralis,DNK,2,831
2018-03,2018,3,Astralis,DNK,4,603
2018-04,2018,4,Astralis,DNK,5,518
2018-05,2018,5,Astralis,DNK,1,986
2018-06,2018,6,Astralis,DNK,1,987
2018-07,2018,7,Astralis,DNK,3,686
2018-08,2018,8,Astralis,DNK,1,1019
2018-09,2018,9,Astralis,DNK,1,1037
2018-10,2018,10,Astralis,DNK,1,989
2018-11,2018,11,Astralis,DNK,2,843
2018-12,2018,12,Astralis,DNK,3,721
2019-01,2019,1,Astralis,DNK,1,943
2019-02,2019,2,Astralis,DNK,2,815
2019-03,2019,3,Astralis,DNK,1,941
2019-04,2019,4,Astralis,DNK,1,977
2019-05,2019,5,Astralis,DNK,1,994
2019-06,2019,6,Astralis,DNK,2,829
2019-07,2019,7,Astralis,DNK,1,974
2019-08,2019,8,Astralis,DNK,2,861
2019-09,2019,9,Astralis,DNK,1,975
2019-10,2019,10,Astralis,DNK,1,1013
2019-11,2019,11,Astralis,DNK,1,994
2019-12,2019,12,Astralis,DNK,1,999
2020-01,2020,1,Astralis,DNK,1,1017
2020-02,2020,2,Astralis,DNK,1,999
2020-03,2020,3,Astralis,DNK,3,692
2020-04,2020,4,Astralis,DNK,1,960
2020-05,2020,5,Astralis,DNK,1,1017
2020-06,2020,6,Astralis,DNK,1,974
2020-07,2020,7,Astralis,DNK,2,832
2020-08,2020,8,Astralis,DNK,1,942
2020-09,2020,9,Astralis,DNK,5,449
2020-10,2020,10,Astralis,DNK,8,320
2020-11,2020,11,Astralis,DNK,7,346
2020-12,2020,12,Astralis,DNK,5,458
2021-01,2021,1,Astralis,DNK,8,255
2021-02,2021,2,Astralis,DNK,8,285
2021-03,2021,3,Astralis,DNK,7,353
2021-04,2021,4,Astralis,DNK,5,493
2021-05,2021,5,Astralis,DNK,4,586
2021-06,2021,6,Astralis,DNK,8,303
2021-07,2021,7,Astralis,DNK,4,542
2021-08,2021,8,Astralis,DNK,7,364
2021-09,2021,9,Astralis,DNK,7,369
2021-10,2021,10,Astralis,DNK,5,440
2021-11,2021,11,Astralis,DNK,6,409
2021-12,2021,12,Astralis,DNK,5,531
2022-01,2022,1,Astralis,DNK,8,296
2022-02,2022,2,Astralis,DNK,20,50
2022-03,2022,3,Astralis,DNK,19,50
2022-04,2022,4,Astralis,DNK,17,50
2022-05,2022,5,Astralis,DNK,20,83
2022-06,2022,6,Astralis,DNK,20,61
2022-07,2022,7,Astralis,DNK,20,50
2022-08,2022,8,Astralis,DNK,16,83
2022-09,2022,9,Astralis,DNK,17,67
2022-10,2022,10,Astralis,DNK,17,72
2022-11,2022,11,Astralis,DNK,17,74
2022-12,2022,12,Astralis,DNK,20,50
2023-01,2023,1,Astralis,DNK,16,50
2023-02,2023,2,Astralis,DNK,17,50
2023-03,2023,3,Astralis,DNK,16,50
2023-04,2023,4,Astralis,DNK,20,75
2023-05,2023,5,Astralis,DNK,19,73
2023-06,2023,6,Astralis,DNK,16,100
2023-07,2023,7,Astralis,DNK,20,50
2023-08,2023,8,Astralis,DNK,19,50
2023-09,2023,9,Astralis,DNK,16,77
2023-10,2023,10,Astralis,DNK,19,50
2023-11,2023,11,Astralis,DNK,18,50
2023-12,2023,12,Astralis,DNK,20,77
2024-01,2024,1,Astralis,DNK,16,89
2024-02,2024,2,Astralis,DNK,17,62
2024-03,2024,3,Astralis,DNK,16,68
2024-04,2024,4,Astralis,DNK,18,50
2024-05,2024,5,Astralis,DNK,18,50
2024-06,2024,6,Astralis,DNK,19,50
2024-07,2024,7,Astralis,DNK,16,79
2024-08,2024,8,Astralis,DNK,17,50
2024-09,2024,9,Astralis,DNK,19,50
2024-10,2024,10,Astralis,DNK,16,93
2024-11,2024,11,Astralis,DNK,18,72
2024-12,2024,12,Astralis,DNK,20,50
2025-01,2025,1,Astralis,DNK,17,50
2025-02,2025,2,Astralis,DNK,18,56
2025-03,2025,3,Astralis,DNK,17,88
2025-04,2025,4,Astralis,DNK,19,50
2025-05,2025,5,Astralis,DNK,18,50
2025-06,2025,6,Astralis,DNK,16,72
2025-07,2025,7,Astralis,DNK,18,50
2025-08,2025,8,Astralis,DNK,16,73
2025-09,2025,9,Astralis,DNK,19,50
2025-10,2025,10,Astralis,DNK,20,50
2025-11,2025,11,Astralis,DNK,16,57
2025-12,2025,12,Astralis,DNK,16,74
2026-01,2026,1,Astralis,DNK,19,50
2026-02,2026,2,Astralis,DNK,17,92
2026-03,2026,3,Astralis,DNK,16,50
2026-04,2026,4,Astralis,DNK,17,50
2016-04,2016,4,SK Gaming,BRA,1,1000
2016-05,2016,5,SK Gaming,BRA,2,832
2016-06,2016,6,SK Gaming,BRA,1,1030
2016-07,2016,7,SK Gaming,BRA,2,845
2016-08,2016,8,SK Gaming,BRA,2,874
2016-09,2016,9,SK Gaming,BRA,1,990
2016-10,2016,10,SK Gaming,BRA,1,981
2016-11,2016,11,SK Gaming,BRA,3,689
2016-12,2016,12,SK Gaming,BRA,2,870
2017-01,2017,1,SK Gaming,BRA,1,991
2017-02,2017,2,SK Gaming,BRA,2,882
2017-03,2017,3,SK Gaming,BRA,3,741
2017-04,2017,4,SK Gaming,BRA,1,997
2017-05,2017,5,SK Gaming,BRA,2,844
2017-06,2017,6,SK Gaming,BRA,1,1079
2017-07,2017,7,SK Gaming,BRA,1,982
2017-08,2017,8,SK Gaming,BRA,1,1024
2017-09,2017,9,SK Gaming,BRA,1,987
2017-10,2017,10,SK Gaming,BRA,3,720
2017-11,2017,11,SK Gaming,BRA,1,1006
2017-12,2017,12,SK Gaming,BRA,1,1000
2018-01,2018,1,SK Gaming,BRA,7,350
2018-02,2018,2,SK Gaming,BRA,6,358
2018-03,2018,3,SK Gaming,BRA,6,382
2018-04,2018,4,SK Gaming,BRA,10,161
2018-05,2018,5,SK Gaming,BRA,8,285
2018-06,2018,6,SK Gaming,BRA,9,219
2018-07,2018,7,SK Gaming,BRA,8,250
2018-08,2018,8,SK Gaming,BRA,7,329
2018-09,2018,9,SK Gaming,BRA,6,405
2018-10,2018,10,SK Gaming,BRA,8,290
2018-11,2018,11,SK Gaming,BRA,6,424
2018-12,2018,12,SK Gaming,BRA,8,285
2017-09,2017,9,FaZe,EUR,2,786
2017-10,2017,10,FaZe,EUR,1,999
2017-11,2017,11,FaZe,EUR,1,997
2017-12,2017,12,FaZe,EUR,1,999
2018-01,2018,1,FaZe,EUR,2,858
2018-02,2018,2,FaZe,EUR,3,669
2018-03,2018,3,FaZe,EUR,1,972
2018-04,2018,4,FaZe,EUR,3,704
2018-05,2018,5,FaZe,EUR,8,272
2018-06,2018,6,FaZe,EUR,5,424
2018-07,2018,7,FaZe,EUR,8,262
2018-08,2018,8,FaZe,EUR,8,269
2018-09,2018,9,FaZe,EUR,6,407
2018-10,2018,10,FaZe,EUR,4,574
2018-11,2018,11,FaZe,EUR,4,565
2018-12,2018,12,FaZe,EUR,8,262
2019-01,2019,1,FaZe,EUR,7,301
2019-02,2019,2,FaZe,EUR,5,496
2019-03,2019,3,FaZe,EUR,4,579
2019-04,2019,4,FaZe,EUR,7,379
2019-05,2019,5,FaZe,EUR,7,391
2019-06,2019,6,FaZe,EUR,8,278
2019-07,2019,7,FaZe,EUR,7,341
2019-08,2019,8,FaZe,EUR,4,555
2019-09,2019,9,FaZe,EUR,7,349
2019-10,2019,10,FaZe,EUR,4,596
2019-11,2019,11,FaZe,EUR,4,607
2019-12,2019,12,FaZe,EUR,5,515
2020-01,2020,1,FaZe,EUR,6,382
2020-02,2020,2,FaZe,EUR,8,296
2020-03,2020,3,FaZe,EUR,7,292
2020-04,2020,4,FaZe,EUR,5,478
2020-05,2020,5,FaZe,EUR,4,585
2020-06,2020,6,FaZe,EUR,8,269
2020-07,2020,7,FaZe,EUR,5,533
2020-08,2020,8,FaZe,EUR,6,402
2020-09,2020,9,FaZe,EUR,5,480
2020-10,2020,10,FaZe,EUR,6,408
2020-11,2020,11,FaZe,EUR,5,497
2020-12,2020,12,FaZe,EUR,4,611
2021-01,2021,1,FaZe,EUR,8,291
2021-08,2021,8,FaZe,EUR,3,712
2021-09,2021,9,FaZe,EUR,3,695
2021-10,2021,10,FaZe,EUR,1,1023
2021-11,2021,11,FaZe,EUR,1,1005
2021-12,2021,12,FaZe,EUR,1,1022
2022-01,2022,1,FaZe,EUR,3,727
2022-02,2022,2,FaZe,EUR,2,842
2022-03,2022,3,FaZe,EUR,1,1008
2022-04,2022,4,FaZe,EUR,1,926
2022-05,2022,5,FaZe,EUR,1,908
2022-06,2022,6,FaZe,EUR,3,654
2022-07,2022,7,FaZe,EUR,3,709
2022-08,2022,8,FaZe,EUR,1,970
2022-09,2022,9,FaZe,EUR,1,1034
2022-10,2022,10,FaZe,EUR,1,987
2022-11,2022,11,FaZe,EUR,2,835
2022-12,2022,12,FaZe,EUR,2,845
2023-01,2023,1,FaZe,EUR,5,490
2023-02,2023,2,FaZe,EUR,2,810
2023-03,2023,3,FaZe,EUR,2,834
2023-04,2023,4,FaZe,EUR,4,548
2023-05,2023,5,FaZe,EUR,2,816
2023-06,2023,6,FaZe,EUR,2,858
2023-07,2023,7,FaZe,EUR,4,575
2023-08,2023,8,FaZe,EUR,1,997
2023-09,2023,9,FaZe,EUR,3,713
2023-10,2023,10,FaZe,EUR,2,810
2023-11,2023,11,FaZe,EUR,3,725
2023-12,2023,12,FaZe,EUR,4,572
2024-01,2024,1,FaZe,EUR,4,593
2024-02,2024,2,FaZe,EUR,3,709
2024-03,2024,3,FaZe,EUR,3,703
2024-04,2024,4,FaZe,EUR,2,853
2024-05,2024,5,FaZe,EUR,5,502
2024-06,2024,6,FaZe,EUR,5,451
2024-07,2024,7,FaZe,EUR,5,479
2024-08,2024,8,FaZe,EUR,8,271
2024-09,2024,9,FaZe,EUR,4,619
2024-10,2024,10,FaZe,EUR,5,531
2024-11,2024,11,FaZe,EUR,7,336
2024-12,2024,12,FaZe,EUR,7,348
2025-01,2025,1,FaZe,EUR,4,585
2025-02,2025,2,FaZe,EUR,7,342
2025-03,2025,3,FaZe,EUR,5,485
2025-04,2025,4,FaZe,EUR,6,388
2025-05,2025,5,FaZe,EUR,7,355
2025-06,2025,6,FaZe,EUR,6,406
2025-07,2025,7,FaZe,EUR,8,300
2025-08,2025,8,FaZe,EUR,4,573
2025-09,2025,9,FaZe,EUR,7,349
2025-10,2025,10,FaZe,EUR,7,308
2025-11,2025,11,FaZe,EUR,8,271
2025-12,2025,12,FaZe,EUR,4,541
2026-01,2026,1,FaZe,EUR,7,314
2026-02,2026,2,FaZe,EUR,5,488
2026-03,2026,3,FaZe,EUR,8,275
2026-04,2026,4,FaZe,EUR,5,502
2018-01,2018,1,Cloud9,USA,3,705
2018-02,2018,2,Cloud9,USA,5,496
2018-03,2018,3,Cloud9,USA,6,353
2018-04,2018,4,Cloud9,USA,4,573
2018-05,2018,5,Cloud9,USA,4,583
2018-06,2018,6,Cloud9,USA,5,486
2018-07,2018,7,Cloud9,USA,2,864
2018-08,2018,8,Cloud9,USA,3,702
2018-09,2018,9,Cloud9,USA,4,594
2018-10,2018,10,Cloud9,USA,21,50
2018-11,2018,11,Cloud9,USA,21,51
2018-12,2018,12,Cloud9,USA,22,50
2019-01,2019,1,Cloud9,USA,18,63
2019-02,2019,2,Cloud9,USA,22,50
2019-03,2019,3,Cloud9,USA,22,50
2019-04,2019,4,Cloud9,USA,20,50
2019-05,2019,5,Cloud9,USA,22,50
2019-06,2019,6,Cloud9,USA,19,50
2019-07,2019,7,Cloud9,USA,22,50
2019-08,2019,8,Cloud9,USA,22,50
2019-09,2019,9,Cloud9,USA,18,50
2019-10,2019,10,Cloud9,USA,21,50
2019-11,2019,11,Cloud9,USA,18,50
2019-12,2019,12,Cloud9,USA,20,69
2020-01,2020,1,Cloud9,USA,21,50
2020-02,2020,2,Cloud9,USA,21,50
2020-03,2020,3,Cloud9,USA,20,50
2020-04,2020,4,Cloud9,USA,20,69
2020-05,2020,5,Cloud9,USA,21,55
2020-06,2020,6,Cloud9,USA,22,50
2020-07,2020,7,Cloud9,USA,19,50
2020-08,2020,8,Cloud9,USA,18,58
2020-09,2020,9,Cloud9,USA,18,50
2020-10,2020,10,Cloud9,USA,22,50
2020-11,2020,11,Cloud9,USA,21,50
2020-12,2020,12,Cloud9,USA,18,50
2021-01,2021,1,Cloud9,USA,19,50
2021-02,2021,2,Cloud9,USA,18,79
2021-03,2021,3,Cloud9,USA,20,50
2021-04,2021,4,Cloud9,USA,21,63
2021-05,2021,5,Cloud9,USA,21,50
2021-06,2021,6,Cloud9,USA,18,57
2021-07,2021,7,Cloud9,USA,19,50
2021-08,2021,8,Cloud9,USA,19,50
2021-09,2021,9,Cloud9,USA,20,50
2021-10,2021,10,Cloud9,USA,18,63
2021-11,2021,11,Cloud9,USA,18,50
2021-12,2021,12,Cloud9,USA,20,50
2022-01,2022,1,Cloud9,USA,19,50
2022-02,2022,2,Cloud9,USA,6,390
2022-03,2022,3,Cloud9,USA,3,695
2022-04,2022,4,Cloud9,USA,7,379
2022-05,2022,5,Cloud9,USA,6,430
2022-06,2022,6,Cloud9,USA,6,437
2022-07,2022,7,Cloud9,USA,4,598
2022-08,2022,8,Cloud9,USA,5,501
2022-09,2022,9,Cloud9,USA,4,555
2022-10,2022,10,Cloud9,USA,6,424
2022-11,2022,11,Cloud9,USA,6,386
2022-12,2022,12,Cloud9,USA,7,372
2023-01,2023,1,Cloud9,USA,4,619
2023-02,2023,2,Cloud9,USA,4,575
2023-03,2023,3,Cloud9,USA,3,691
2023-04,2023,4,Cloud9,USA,5,489
2023-05,2023,5,Cloud9,USA,5,515
2023-06,2023,6,Cloud9,USA,7,330
2023-07,2023,7,Cloud9,USA,4,558
2023-08,2023,8,Cloud9,USA,5,498
2023-09,2023,9,Cloud9,USA,4,564
2023-10,2023,10,Cloud9,USA,12,132
2023-11,2023,11,Cloud9,USA,12,131
2023-12,2023,12,Cloud9,USA,12,182
2024-01,2024,1,Cloud9,USA,13,109
2024-02,2024,2,Cloud9,USA,12,85
2024-03,2024,3,Cloud9,USA,13,108
2024-04,2024,4,Cloud9,USA,16,50
2024-05,2024,5,Cloud9,USA,12,133
2024-06,2024,6,Cloud9,USA,12,170
2024-07,2024,7,Cloud9,USA,14,97
2024-08,2024,8,Cloud9,USA,13,113
2024-09,2024,9,Cloud9,USA,14,139
2024-10,2024,10,Cloud9,USA,15,50
2024-11,2024,11,Cloud9,USA,14,82
2024-12,2024,12,Cloud9,USA,13,115
2025-01,2025,1,Cloud9,USA,16,79
2025-02,2025,2,Cloud9,USA,12,128
2025-03,2025,3,Cloud9,USA,12,163
2025-04,2025,4,Cloud9,USA,12,142
2025-05,2025,5,Cloud9,USA,15,87
2025-06,2025,6,Cloud9,USA,16,53
2025-07,2025,7,Cloud9,USA,12,140
2025-08,2025,8,Cloud9,USA,14,96
2025-09,2025,9,Cloud9,USA,16,50
2025-10,2025,10,Cloud9,USA,16,50
2025-11,2025,11,Cloud9,USA,15,71
2025-12,2025,12,Cloud9,USA,13,108
2026-01,2026,1,Cloud9,USA,13,90
2026-02,2026,2,Cloud9,USA,15,58
2026-03,2026,3,Cloud9,USA,13,160
2026-04,2026,4,Cloud9,USA,16,56
2018-01,2018,1,Team Liquid,USA,4,554
2018-02,2018,2,Team Liquid,USA,2,787
2018-03,2018,3,Team Liquid,USA,5,461
2018-04,2018,4,Team Liquid,USA,3,695
2018-05,2018,5,Team Liquid,USA,2,816
2018-06,2018,6,Team Liquid,USA,6,410
2018-07,2018,7,Team Liquid,USA,5,497
2018-08,2018,8,Team Liquid,USA,3,664
2018-09,2018,9,Team Liquid,USA,4,562
2018-10,2018,10,Team Liquid,USA,4,598
2018-11,2018,11,Team Liquid,USA,3,663
2018-12,2018,12,Team Liquid,USA,2,827
2019-01,2019,1,Team Liquid,USA,5,502
2019-02,2019,2,Team Liquid,USA,5,483
2019-03,2019,3,Team Liquid,USA,2,860
2019-04,2019,4,Team Liquid,USA,4,576
2019-05,2019,5,Team Liquid,USA,4,631
2019-06,2019,6,Team Liquid,USA,1,1049
2019-07,2019,7,Team Liquid,USA,1,976
2019-08,2019,8,Team Liquid,USA,1,1037
2019-09,2019,9,Team Liquid,USA,3,664
2019-10,2019,10,Team Liquid,USA,1,987
2019-11,2019,11,Team Liquid,USA,1,997
2019-12,2019,12,Team Liquid,USA,1,983
2020-01,2020,1,Team Liquid,USA,6,388
2020-02,2020,2,Team Liquid,USA,7,317
2020-03,2020,3,Team Liquid,USA,8,291
2020-04,2020,4,Team Liquid,USA,7,361
2020-05,2020,5,Team Liquid,USA,8,279
2020-06,2020,6,Team Liquid,USA,7,321
2020-07,2020,7,Team Liquid,USA,9,202
2020-08,2020,8,Team Liquid,USA,6,361
2020-09,2020,9,Team Liquid,USA,8,253
2020-10,2020,10,Team Liquid,USA,9,270
2020-11,2020,11,Team Liquid,USA,10,230
2020-12,2020,12,Team Liquid,USA,9,247
2021-01,2021,1,Team Liquid,USA,6,384
2021-02,2021,2,Team Liquid,USA,10,210
2021-03,2021,3,Team Liquid,USA,6,392
2021-04,2021,4,Team Liquid,USA,7,353
2021-05,2021,5,Team Liquid,USA,10,184
2021-06,2021,6,Team Liquid,USA,10,169
2021-07,2021,7,Team Liquid,USA,7,341
2021-08,2021,8,Team Liquid,USA,8,291
2021-09,2021,9,Team Liquid,USA,9,237
2021-10,2021,10,Team Liquid,USA,8,297
2021-11,2021,11,Team Liquid,USA,7,378
2021-12,2021,12,Team Liquid,USA,6,438
2022-01,2022,1,Team Liquid,USA,6,448
2022-02,2022,2,Team Liquid,USA,8,270
2022-03,2022,3,Team Liquid,USA,8,285
2022-04,2022,4,Team Liquid,USA,8,273
2022-05,2022,5,Team Liquid,USA,10,193
2022-06,2022,6,Team Liquid,USA,10,158
2022-07,2022,7,Team Liquid,USA,7,377
2022-08,2022,8,Team Liquid,USA,8,263
2022-09,2022,9,Team Liquid,USA,7,321
2022-10,2022,10,Team Liquid,USA,9,221
2022-11,2022,11,Team Liquid,USA,10,196
2022-12,2022,12,Team Liquid,USA,7,383
2023-01,2023,1,Team Liquid,USA,7,364
2023-02,2023,2,Team Liquid,USA,6,409
2023-03,2023,3,Team Liquid,USA,10,186
2023-04,2023,4,Team Liquid,USA,7,338
2023-05,2023,5,Team Liquid,USA,8,262
2023-06,2023,6,Team Liquid,USA,7,356
2023-07,2023,7,Team Liquid,USA,6,421
2023-08,2023,8,Team Liquid,USA,8,322
2023-09,2023,9,Team Liquid,USA,9,227
2023-10,2023,10,Team Liquid,USA,10,207
2023-11,2023,11,Team Liquid,USA,10,198
2023-12,2023,12,Team Liquid,USA,8,268
2024-01,2024,1,Team Liquid,USA,10,206
2024-02,2024,2,Team Liquid,USA,9,231
2024-03,2024,3,Team Liquid,USA,7,285
2024-04,2024,4,Team Liquid,USA,9,186
2024-05,2024,5,Team Liquid,USA,7,341
2024-06,2024,6,Team Liquid,USA,8,289
2024-07,2024,7,Team Liquid,USA,10,197
2024-08,2024,8,Team Liquid,USA,7,389
2024-09,2024,9,Team Liquid,USA,10,202
2024-10,2024,10,Team Liquid,USA,8,272
2024-11,2024,11,Team Liquid,USA,8,230
2024-12,2024,12,Team Liquid,USA,9,243
2025-01,2025,1,Team Liquid,USA,7,300
2025-02,2025,2,Team Liquid,USA,10,181
2025-03,2025,3,Team Liquid,USA,10,173
2025-04,2025,4,Team Liquid,USA,6,407
2025-05,2025,5,Team Liquid,USA,8,219
2025-06,2025,6,Team Liquid,USA,7,354
2025-07,2025,7,Team Liquid,USA,8,277
2025-08,2025,8,Team Liquid,USA,8,221
2025-09,2025,9,Team Liquid,USA,9,267
2025-10,2025,10,Team Liquid,USA,9,167
2025-11,2025,11,Team Liquid,USA,6,377
2025-12,2025,12,Team Liquid,USA,8,303
2026-01,2026,1,Team Liquid,USA,7,349
2026-02,2026,2,Team Liquid,USA,10,212
2026-03,2026,3,Team Liquid,USA,9,231
2026-04,2026,4,Team Liquid,USA,10,207
2018-04,2018,4,MIBR,BRA,3,727
2018-05,2018,5,MIBR,BRA,3,678
2018-06,2018,6,MIBR,BRA,4,582
2018-07,2018,7,MIBR,BRA,4,543
2018-08,2018,8,MIBR,BRA,1,1024
2018-09,2018,9,MIBR,BRA,1,1007
2018-10,2018,10,MIBR,BRA,5,483
2018-11,2018,11,MIBR,BRA,2,853
2018-12,2018,12,MIBR,BRA,3,670
2019-01,2019,1,MIBR,BRA,2,857
2019-02,2019,2,MIBR,BRA,1,1010
2019-03,2019,3,MIBR,BRA,3,744
2019-04,2019,4,MIBR,BRA,2,851
2019-05,2019,5,MIBR,BRA,1,1067
2019-06,2019,6,MIBR,BRA,5,466
2019-07,2019,7,MIBR,BRA,19,50
2019-08,2019,8,MIBR,BRA,17,50
2019-09,2019,9,MIBR,BRA,16,50
2019-10,2019,10,MIBR,BRA,18,55
2019-11,2019,11,MIBR,BRA,20,50
2019-12,2019,12,MIBR,BRA,18,50
2020-01,2020,1,MIBR,BRA,17,50
2020-02,2020,2,MIBR,BRA,17,50
2020-03,2020,3,MIBR,BRA,20,50
2020-04,2020,4,MIBR,BRA,16,78
2020-05,2020,5,MIBR,BRA,20,50
2020-06,2020,6,MIBR,BRA,16,56
2020-07,2020,7,MIBR,BRA,20,50
2020-08,2020,8,MIBR,BRA,19,62
2020-09,2020,9,MIBR,BRA,18,50
2020-10,2020,10,MIBR,BRA,17,50
2020-11,2020,11,MIBR,BRA,17,65
2020-12,2020,12,MIBR,BRA,16,100
2021-01,2021,1,MIBR,BRA,20,63
2021-02,2021,2,MIBR,BRA,16,50
2021-03,2021,3,MIBR,BRA,19,59
2021-04,2021,4,MIBR,BRA,19,50
2021-05,2021,5,MIBR,BRA,20,50
2021-06,2021,6,MIBR,BRA,20,50
2021-07,2021,7,MIBR,BRA,19,50
2021-08,2021,8,MIBR,BRA,20,69
2021-09,2021,9,MIBR,BRA,20,63
2021-10,2021,10,MIBR,BRA,19,50
2021-11,2021,11,MIBR,BRA,18,50
2021-12,2021,12,MIBR,BRA,17,58
2022-01,2022,1,MIBR,BRA,17,87
2022-02,2022,2,MIBR,BRA,19,50
2022-03,2022,3,MIBR,BRA,16,50
2022-04,2022,4,MIBR,BRA,16,104
2022-05,2022,5,MIBR,BRA,20,50
2022-06,2022,6,MIBR,BRA,17,50
2022-07,2022,7,MIBR,BRA,16,113
2022-08,2022,8,MIBR,BRA,20,50
2022-09,2022,9,MIBR,BRA,17,70
2022-10,2022,10,MIBR,BRA,20,62
2022-11,2022,11,MIBR,BRA,20,50
2022-12,2022,12,MIBR,BRA,17,50
2023-01,2023,1,MIBR,BRA,16,52
2023-02,2023,2,MIBR,BRA,16,73
2023-03,2023,3,MIBR,BRA,18,63
2023-04,2023,4,MIBR,BRA,19,51
2023-05,2023,5,MIBR,BRA,19,50
2023-06,2023,6,MIBR,BRA,20,50
2023-07,2023,7,MIBR,BRA,19,70
2023-08,2023,8,MIBR,BRA,16,50
2023-09,2023,9,MIBR,BRA,17,111
2023-10,2023,10,MIBR,BRA,18,71
2023-11,2023,11,MIBR,BRA,18,50
2023-12,2023,12,MIBR,BRA,17,50
2024-01,2024,1,MIBR,BRA,19,50
2024-02,2024,2,MIBR,BRA,19,50
2024-03,2024,3,MIBR,BRA,17,50
2024-04,2024,4,MIBR,BRA,16,90
2024-05,2024,5,MIBR,BRA,18,63
2024-06,2024,6,MIBR,BRA,20,50
2024-07,2024,7,MIBR,BRA,16,50
2024-08,2024,8,MIBR,BRA,20,50
2024-09,2024,9,MIBR,BRA,16,73
2024-10,2024,10,MIBR,BRA,16,56
2024-11,2024,11,MIBR,BRA,18,50
2024-12,2024,12,MIBR,BRA,16,95
2025-01,2025,1,MIBR,BRA,18,50
2025-02,2025,2,MIBR,BRA,20,50
2025-03,2025,3,MIBR,BRA,16,103
2025-04,2025,4,MIBR,BRA,19,50
2025-05,2025,5,MIBR,BRA,19,97
2025-06,2025,6,MIBR,BRA,16,59
2025-07,2025,7,MIBR,BRA,18,50
2025-08,2025,8,MIBR,BRA,19,51
2025-09,2025,9,MIBR,BRA,16,64
2025-10,2025,10,MIBR,BRA,19,75
2025-11,2025,11,MIBR,BRA,19,50
2025-12,2025,12,MIBR,BRA,16,69
2026-01,2026,1,MIBR,BRA,20,77
2026-02,2026,2,MIBR,BRA,18,70
2026-03,2026,3,MIBR,BRA,19,50
2026-04,2026,4,MIBR,BRA,19,50
2019-02,2019,2,ENCE,FIN,2,859
2019-03,2019,3,ENCE,FIN,2,803
2019-04,2019,4,ENCE,FIN,3,663
2019-05,2019,5,ENCE,FIN,3,653
2019-06,2019,6,ENCE,FIN,2,838
2019-07,2019,7,ENCE,FIN,2,834
2019-08,2019,8,ENCE,FIN,1,943
2019-09,2019,9,ENCE,FIN,12,133
2019-10,2019,10,ENCE,FIN,15,132
2019-11,2019,11,ENCE,FIN,11,155
2019-12,2019,12,ENCE,FIN,15,123
2020-01,2020,1,ENCE,FIN,12,152
2020-02,2020,2,ENCE,FIN,12,140
2020-03,2020,3,ENCE,FIN,14,115
2020-04,2020,4,ENCE,FIN,14,76
2020-05,2020,5,ENCE,FIN,14,62
2020-06,2020,6,ENCE,FIN,12,146
2020-07,2020,7,ENCE,FIN,12,122
2020-08,2020,8,ENCE,FIN,12,137
2020-09,2020,9,ENCE,FIN,14,69
2020-10,2020,10,ENCE,FIN,13,106
2020-11,2020,11,ENCE,FIN,13,123
2020-12,2020,12,ENCE,FIN,13,86
2021-01,2021,1,ENCE,FIN,11,135
2021-02,2021,2,ENCE,FIN,15,66
2021-03,2021,3,ENCE,FIN,12,171
2021-04,2021,4,ENCE,FIN,12,146
2021-05,2021,5,ENCE,FIN,12,150
2021-06,2021,6,ENCE,FIN,13,62
2021-07,2021,7,ENCE,FIN,15,130
2021-08,2021,8,ENCE,FIN,14,99
2021-09,2021,9,ENCE,FIN,12,151
2021-10,2021,10,ENCE,FIN,11,187
2021-11,2021,11,ENCE,FIN,15,50
2021-12,2021,12,ENCE,FIN,12,143
2022-01,2022,1,ENCE,FIN,11,198
2022-02,2022,2,ENCE,FIN,15,72
2022-03,2022,3,ENCE,FIN,11,133
2022-04,2022,4,ENCE,FIN,15,50
2022-05,2022,5,ENCE,FIN,13,110
2022-06,2022,6,ENCE,FIN,15,69
2022-07,2022,7,ENCE,FIN,12,168
2022-08,2022,8,ENCE,FIN,13,111
2022-09,2022,9,ENCE,FIN,13,130
2022-10,2022,10,ENCE,FIN,13,129
2022-11,2022,11,ENCE,FIN,13,139
2022-12,2022,12,ENCE,FIN,13,86
2023-01,2023,1,ENCE,FIN,15,56
2023-02,2023,2,ENCE,FIN,11,184
2023-03,2023,3,ENCE,FIN,11,142
2023-04,2023,4,ENCE,FIN,15,118
2023-05,2023,5,ENCE,FIN,7,360
2023-06,2023,6,ENCE,FIN,11,171
2023-07,2023,7,ENCE,FIN,10,231
2023-08,2023,8,ENCE,FIN,8,277
2023-09,2023,9,ENCE,FIN,9,216
2023-10,2023,10,ENCE,FIN,8,297
2023-11,2023,11,ENCE,FIN,8,244
2023-12,2023,12,ENCE,FIN,7,321
2024-01,2024,1,ENCE,FIN,10,188
2024-02,2024,2,ENCE,FIN,11,130
2024-03,2024,3,ENCE,FIN,7,321
2024-04,2024,4,ENCE,FIN,10,217
2024-05,2024,5,ENCE,FIN,8,280
2024-06,2024,6,ENCE,FIN,11,155
2024-07,2024,7,ENCE,FIN,10,177
2024-08,2024,8,ENCE,FIN,7,310
2024-09,2024,9,ENCE,FIN,9,221
2024-10,2024,10,ENCE,FIN,8,254
2024-11,2024,11,ENCE,FIN,9,255
2024-12,2024,12,ENCE,FIN,8,243
2025-01,2025,1,ENCE,FIN,10,192
2025-02,2025,2,ENCE,FIN,8,292
2025-03,2025,3,ENCE,FIN,9,200
2025-04,2025,4,ENCE,FIN,8,252
2025-05,2025,5,ENCE,FIN,10,223
2025-06,2025,6,ENCE,FIN,7,284
2025-07,2025,7,ENCE,FIN,11,195
2025-08,2025,8,ENCE,FIN,7,335
2025-09,2025,9,ENCE,FIN,10,180
2025-10,2025,10,ENCE,FIN,11,162
2025-11,2025,11,ENCE,FIN,8,225
2025-12,2025,12,ENCE,FIN,10,221
2026-01,2026,1,ENCE,FIN,7,328
2026-02,2026,2,ENCE,FIN,7,304
2026-03,2026,3,ENCE,FIN,10,193
2026-04,2026,4,ENCE,FIN,11,147
2019-01,2019,1,Vitality,FRA,7,350
2019-02,2019,2,Vitality,FRA,11,173
2019-03,2019,3,Vitality,FRA,8,323
2019-04,2019,4,Vitality,FRA,11,138
2019-05,2019,5,Vitality,FRA,7,367
2019-06,2019,6,Vitality,FRA,10,229
2019-07,2019,7,Vitality,FRA,7,331
2019-08,2019,8,Vitality,FRA,8,317
2019-09,2019,9,Vitality,FRA,2,840
2019-10,2019,10,Vitality,FRA,2,829
2019-11,2019,11,Vitality,FRA,3,704
2019-12,2019,12,Vitality,FRA,5,480
2020-01,2020,1,Vitality,FRA,1,1001
2020-02,2020,2,Vitality,FRA,2,818
2020-03,2020,3,Vitality,FRA,3,770
2020-04,2020,4,Vitality,FRA,3,653
2020-05,2020,5,Vitality,FRA,4,563
2020-06,2020,6,Vitality,FRA,2,849
2020-07,2020,7,Vitality,FRA,4,601
2020-08,2020,8,Vitality,FRA,4,612
2020-09,2020,9,Vitality,FRA,4,611
2020-10,2020,10,Vitality,FRA,7,280
2020-11,2020,11,Vitality,FRA,3,707
2020-12,2020,12,Vitality,FRA,4,609
2021-01,2021,1,Vitality,FRA,5,465
2021-02,2021,2,Vitality,FRA,4,586
2021-03,2021,3,Vitality,FRA,6,413
2021-04,2021,4,Vitality,FRA,3,724
2021-05,2021,5,Vitality,FRA,3,722
2021-06,2021,6,Vitality,FRA,6,406
2021-07,2021,7,Vitality,FRA,3,660
2021-08,2021,8,Vitality,FRA,5,499
2021-09,2021,9,Vitality,FRA,3,686
2021-10,2021,10,Vitality,FRA,6,422
2021-11,2021,11,Vitality,FRA,7,340
2021-12,2021,12,Vitality,FRA,4,579
2022-01,2022,1,Vitality,FRA,5,482
2022-02,2022,2,Vitality,FRA,5,469
2022-03,2022,3,Vitality,FRA,7,371
2022-04,2022,4,Vitality,FRA,7,353
2022-05,2022,5,Vitality,FRA,4,576
2022-06,2022,6,Vitality,FRA,6,367
2022-07,2022,7,Vitality,FRA,4,538
2022-08,2022,8,Vitality,FRA,6,425
2022-09,2022,9,Vitality,FRA,6,466
2022-10,2022,10,Vitality,FRA,6,379
2022-11,2022,11,Vitality,FRA,3,742
2022-12,2022,12,Vitality,FRA,5,516
2023-01,2023,1,Vitality,FRA,3,703
2023-02,2023,2,Vitality,FRA,2,835
2023-03,2023,3,Vitality,FRA,2,817
2023-04,2023,4,Vitality,FRA,3,695
2023-05,2023,5,Vitality,FRA,5,490
2023-06,2023,6,Vitality,FRA,6,417
2023-07,2023,7,Vitality,FRA,1,959
2023-08,2023,8,Vitality,FRA,3,722
2023-09,2023,9,Vitality,FRA,1,981
2023-10,2023,10,Vitality,FRA,3,690
2023-11,2023,11,Vitality,FRA,2,809
2023-12,2023,12,Vitality,FRA,1,986
2024-01,2024,1,Vitality,FRA,3,681
2024-02,2024,2,Vitality,FRA,2,851
2024-03,2024,3,Vitality,FRA,4,588
2024-04,2024,4,Vitality,FRA,4,579
2024-05,2024,5,Vitality,FRA,2,821
2024-06,2024,6,Vitality,FRA,4,543
2024-07,2024,7,Vitality,FRA,1,986
2024-08,2024,8,Vitality,FRA,3,666
2024-09,2024,9,Vitality,FRA,1,988
2024-10,2024,10,Vitality,FRA,1,1059
2024-11,2024,11,Vitality,FRA,2,840
2024-12,2024,12,Vitality,FRA,1,971
2025-01,2025,1,Vitality,FRA,1,1003
2025-02,2025,2,Vitality,FRA,2,777
2025-03,2025,3,Vitality,FRA,3,745
2025-04,2025,4,Vitality,FRA,1,988
2025-05,2025,5,Vitality,FRA,1,1025
2025-06,2025,6,Vitality,FRA,2,831
2025-07,2025,7,Vitality,FRA,3,640
2025-08,2025,8,Vitality,FRA,3,713
2025-09,2025,9,Vitality,FRA,1,974
2025-10,2025,10,Vitality,FRA,1,1003
2025-11,2025,11,Vitality,FRA,2,822
2025-12,2025,12,Vitality,FRA,3,712
2026-01,2026,1,Vitality,FRA,1,1026
2026-02,2026,2,Vitality,FRA,1,965
2026-03,2026,3,Vitality,FRA,1,1048
2026-04,2026,4,Vitality,FRA,1,1028
2018-04,2018,4,NAVI,UKR,2,811
2018-05,2018,5,NAVI,UKR,2,822
2018-06,2018,6,NAVI,UKR,2,836
2018-07,2018,7,NAVI,UKR,5,484
2018-08,2018,8,NAVI,UKR,3,692
2018-09,2018,9,NAVI,UKR,5,450
2018-10,2018,10,NAVI,UKR,4,605
2018-11,2018,11,NAVI,UKR,4,548
2018-12,2018,12,NAVI,UKR,2,814
2019-01,2019,1,NAVI,UKR,2,838
2020-01,2020,1,NAVI,UKR,5,523
2020-02,2020,2,NAVI,UKR,3,710
2020-03,2020,3,NAVI,UKR,6,423
2020-04,2020,4,NAVI,UKR,4,563
2020-05,2020,5,NAVI,UKR,7,347
2020-06,2020,6,NAVI,UKR,3,685
2020-07,2020,7,NAVI,UKR,6,387
2020-08,2020,8,NAVI,UKR,4,567
2021-05,2021,5,NAVI,UKR,1,985
2021-06,2021,6,NAVI,UKR,1,1027
2021-07,2021,7,NAVI,UKR,1,1042
2021-08,2021,8,NAVI,UKR,1,1056
2021-09,2021,9,NAVI,UKR,1,1001
2021-10,2021,10,NAVI,UKR,2,805
2021-11,2021,11,NAVI,UKR,2,819
2021-12,2021,12,NAVI,UKR,2,808
2022-01,2022,1,NAVI,UKR,2,831
2022-02,2022,2,NAVI,UKR,1,969
2022-03,2022,3,NAVI,UKR,3,674
2022-04,2022,4,NAVI,UKR,1,1070
2022-05,2022,5,NAVI,UKR,8,275
2022-06,2022,6,NAVI,UKR,6,395
2022-07,2022,7,NAVI,UKR,5,454
2022-08,2022,8,NAVI,UKR,8,326
2022-09,2022,9,NAVI,UKR,5,494
2022-10,2022,10,NAVI,UKR,8,249
2022-11,2022,11,NAVI,UKR,9,208
2022-12,2022,12,NAVI,UKR,7,376
2023-01,2023,1,NAVI,UKR,5,489
2023-02,2023,2,NAVI,UKR,5,425
2023-03,2023,3,NAVI,UKR,7,356
2023-04,2023,4,NAVI,UKR,9,267
2023-05,2023,5,NAVI,UKR,9,197
2023-06,2023,6,NAVI,UKR,9,244
2023-07,2023,7,NAVI,UKR,7,298
2023-08,2023,8,NAVI,UKR,6,406
2023-09,2023,9,NAVI,UKR,8,276
2023-10,2023,10,NAVI,UKR,7,293
2023-11,2023,11,NAVI,UKR,8,275
2023-12,2023,12,NAVI,UKR,5,483
2024-01,2024,1,NAVI,UKR,5,475
2024-02,2024,2,NAVI,UKR,9,235
2024-03,2024,3,NAVI,UKR,5,479
2024-04,2024,4,NAVI,UKR,4,572
2024-05,2024,5,NAVI,UKR,4,534
2024-06,2024,6,NAVI,UKR,6,418
2024-07,2024,7,NAVI,UKR,7,340
2024-08,2024,8,NAVI,UKR,5,510
2024-09,2024,9,NAVI,UKR,4,533
2024-10,2024,10,NAVI,UKR,7,346
2024-11,2024,11,NAVI,UKR,4,587
2024-12,2024,12,NAVI,UKR,4,571
2025-01,2025,1,NAVI,UKR,9,260
2025-02,2025,2,NAVI,UKR,10,209
2025-03,2025,3,NAVI,UKR,7,286
2025-04,2025,4,NAVI,UKR,9,256
2025-05,2025,5,NAVI,UKR,7,355
2025-06,2025,6,NAVI,UKR,7,317
2025-07,2025,7,NAVI,UKR,7,361
2025-08,2025,8,NAVI,UKR,7,378
2025-09,2025,9,NAVI,UKR,8,277
2025-10,2025,10,NAVI,UKR,10,216
2025-11,2025,11,NAVI,UKR,10,169
2025-12,2025,12,NAVI,UKR,7,349
2026-01,2026,1,NAVI,UKR,6,408
2026-02,2026,2,NAVI,UKR,8,289
2026-03,2026,3,NAVI,UKR,8,320
2026-04,2026,4,NAVI,UKR,8,261
2017-07,2017,7,Gambit,RUS,2,835
2017-08,2017,8,Gambit,RUS,1,1021
2017-09,2017,9,Gambit,RUS,2,802
2017-10,2017,10,Gambit,RUS,4,531
2017-11,2017,11,Gambit,RUS,1,972
2017-12,2017,12,Gambit,RUS,3,688
2021-02,2021,2,Gambit,RUS,4,566
2021-03,2021,3,Gambit,RUS,1,1005
2021-04,2021,4,Gambit,RUS,4,599
2021-05,2021,5,Gambit,RUS,1,1011
2021-06,2021,6,Gambit,RUS,4,578
2021-07,2021,7,Gambit,RUS,2,861
2021-08,2021,8,Gambit,RUS,1,965
2021-09,2021,9,Gambit,RUS,1,1016
2021-10,2021,10,Gambit,RUS,3,732
2021-11,2021,11,Gambit,RUS,2,860
2021-12,2021,12,Gambit,RUS,3,701
2022-01,2022,1,Gambit,RUS,4,577
2022-02,2022,2,Gambit,RUS,2,826
2022-03,2022,3,Gambit,RUS,4,588
2022-04,2022,4,Gambit,RUS,4,568
2022-05,2022,5,Gambit,RUS,24,50
2022-06,2022,6,Gambit,RUS,23,50
2022-07,2022,7,Gambit,RUS,25,50
2022-08,2022,8,Gambit,RUS,25,58
2022-09,2022,9,Gambit,RUS,24,51
2022-10,2022,10,Gambit,RUS,26,50
2022-11,2022,11,Gambit,RUS,24,51
2022-12,2022,12,Gambit,RUS,25,50
2023-01,2023,1,Gambit,RUS,26,50
2023-02,2023,2,Gambit,RUS,25,50
2023-03,2023,3,Gambit,RUS,26,50
2023-04,2023,4,Gambit,RUS,25,50
2023-05,2023,5,Gambit,RUS,27,50
2023-06,2023,6,Gambit,RUS,27,50
2023-07,2023,7,Gambit,RUS,25,50
2023-08,2023,8,Gambit,RUS,23,50
2023-09,2023,9,Gambit,RUS,23,50
2023-10,2023,10,Gambit,RUS,23,50
2023-11,2023,11,Gambit,RUS,25,50
2023-12,2023,12,Gambit,RUS,25,50
2024-01,2024,1,Gambit,RUS,27,50
2024-02,2024,2,Gambit,RUS,25,50
2024-03,2024,3,Gambit,RUS,23,50
2024-04,2024,4,Gambit,RUS,25,50
2024-05,2024,5,Gambit,RUS,23,50
2024-06,2024,6,Gambit,RUS,23,50
2024-07,2024,7,Gambit,RUS,27,50
2024-08,2024,8,Gambit,RUS,26,50
2024-09,2024,9,Gambit,RUS,23,50
2024-10,2024,10,Gambit,RUS,27,50
2024-11,2024,11,Gambit,RUS,26,50
2024-12,2024,12,Gambit,RUS,25,50
2025-01,2025,1,Gambit,RUS,23,50
2025-02,2025,2,Gambit,RUS,26,50
2025-03,2025,3,Gambit,RUS,26,50
2025-04,2025,4,Gambit,RUS,26,50
2025-05,2025,5,Gambit,RUS,25,50
2025-06,2025,6,Gambit,RUS,23,50
2025-07,2025,7,Gambit,RUS,26,50
2025-08,2025,8,Gambit,RUS,24,50
2025-09,2025,9,Gambit,RUS,24,50
2025-10,2025,10,Gambit,RUS,25,50
2025-11,2025,11,Gambit,RUS,26,51
2025-12,2025,12,Gambit,RUS,26,50
2026-01,2026,1,Gambit,RUS,24,50
2026-02,2026,2,Gambit,RUS,25,50
2026-03,2026,3,Gambit,RUS,26,50
2026-04,2026,4,Gambit,RUS,23,50
2020-04,2020,4,Heroic,DNK,5,477
2020-05,2020,5,Heroic,DNK,4,563
2020-06,2020,6,Heroic,DNK,2,812
2020-07,2020,7,Heroic,DNK,3,747
2020-08,2020,8,Heroic,DNK,2,836
2020-09,2020,9,Heroic,DNK,2,790
2020-10,2020,10,Heroic,DNK,3,681
2020-11,2020,11,Heroic,DNK,5,461
2020-12,2020,12,Heroic,DNK,4,605
2021-01,2021,1,Heroic,DNK,6,399
2021-02,2021,2,Heroic,DNK,6,391
2021-03,2021,3,Heroic,DNK,3,681
2021-04,2021,4,Heroic,DNK,6,399
2021-05,2021,5,Heroic,DNK,2,816
2021-06,2021,6,Heroic,DNK,1,1012
2021-07,2021,7,Heroic,DNK,3,695
2021-08,2021,8,Heroic,DNK,2,824
2021-09,2021,9,Heroic,DNK,4,576
2021-10,2021,10,Heroic,DNK,3,690
2021-11,2021,11,Heroic,DNK,3,740
2021-12,2021,12,Heroic,DNK,1,966
2022-01,2022,1,Heroic,DNK,2,787
2022-02,2022,2,Heroic,DNK,4,588
2022-03,2022,3,Heroic,DNK,3,709
2022-04,2022,4,Heroic,DNK,2,839
2022-05,2022,5,Heroic,DNK,4,583
2022-06,2022,6,Heroic,DNK,5,480
2022-07,2022,7,Heroic,DNK,2,828
2022-08,2022,8,Heroic,DNK,3,702
2022-09,2022,9,Heroic,DNK,4,562
2022-10,2022,10,Heroic,DNK,2,801
2022-11,2022,11,Heroic,DNK,1,1013
2022-12,2022,12,Heroic,DNK,4,588
2023-01,2023,1,Heroic,DNK,5,488
2023-02,2023,2,Heroic,DNK,4,592
2023-03,2023,3,Heroic,DNK,4,580
2023-04,2023,4,Heroic,DNK,4,569
2023-05,2023,5,Heroic,DNK,13,104
2023-06,2023,6,Heroic,DNK,13,98
2023-07,2023,7,Heroic,DNK,13,121
2023-08,2023,8,Heroic,DNK,11,130
2023-09,2023,9,Heroic,DNK,9,234
2023-10,2023,10,Heroic,DNK,13,87
2023-11,2023,11,Heroic,DNK,9,252
2023-12,2023,12,Heroic,DNK,13,83
2024-01,2024,1,Heroic,DNK,9,253
2024-02,2024,2,Heroic,DNK,13,115
2024-03,2024,3,Heroic,DNK,12,142
2024-04,2024,4,Heroic,DNK,13,114
2024-05,2024,5,Heroic,DNK,9,251
2024-06,2024,6,Heroic,DNK,9,248
2024-07,2024,7,Heroic,DNK,12,118
2024-08,2024,8,Heroic,DNK,11,168
2024-09,2024,9,Heroic,DNK,13,81
2024-10,2024,10,Heroic,DNK,11,128
2024-11,2024,11,Heroic,DNK,9,171
2024-12,2024,12,Heroic,DNK,10,203
2025-01,2025,1,Heroic,DNK,10,230
2025-02,2025,2,Heroic,DNK,11,152
2025-03,2025,3,Heroic,DNK,12,128
2025-04,2025,4,Heroic,DNK,10,200
2025-05,2025,5,Heroic,DNK,11,153
2025-06,2025,6,Heroic,DNK,10,222
2025-07,2025,7,Heroic,DNK,11,172
2025-08,2025,8,Heroic,DNK,12,161
2025-09,2025,9,Heroic,DNK,11,213
2025-10,2025,10,Heroic,DNK,10,178
2025-11,2025,11,Heroic,DNK,12,113
2025-12,2025,12,Heroic,DNK,10,214
2026-01,2026,1,Heroic,DNK,10,200
2026-02,2026,2,Heroic,DNK,10,169
2026-03,2026,3,Heroic,DNK,12,107
2026-04,2026,4,Heroic,DNK,9,265
2017-01,2017,1,G2,EUR,7,348
2017-02,2017,2,G2,EUR,4,597
2017-03,2017,3,G2,EUR,7,294
2017-04,2017,4,G2,EUR,7,324
2017-05,2017,5,G2,EUR,5,450
2017-06,2017,6,G2,EUR,6,449
2017-07,2017,7,G2,EUR,5,496
2017-08,2017,8,G2,EUR,3,689
2017-09,2017,9,G2,EUR,6,430
2017-10,2017,10,G2,EUR,3,696
2017-11,2017,11,G2,EUR,3,692
2017-12,2017,12,G2,EUR,7,331
2018-01,2018,1,G2,EUR,13,65
2018-02,2018,2,G2,EUR,9,230
2018-03,2018,3,G2,EUR,13,100
2018-04,2018,4,G2,EUR,9,204
2018-05,2018,5,G2,EUR,13,116
2018-06,2018,6,G2,EUR,10,143
2018-07,2018,7,G2,EUR,10,208
2018-08,2018,8,G2,EUR,10,207
2018-09,2018,9,G2,EUR,10,201
2018-10,2018,10,G2,EUR,10,223
2018-11,2018,11,G2,EUR,10,195
2018-12,2018,12,G2,EUR,13,103
2019-01,2019,1,G2,EUR,13,127
2019-02,2019,2,G2,EUR,10,202
2019-03,2019,3,G2,EUR,12,141
2019-04,2019,4,G2,EUR,13,135
2019-05,2019,5,G2,EUR,9,256
2019-06,2019,6,G2,EUR,12,159
2019-07,2019,7,G2,EUR,9,191
2019-08,2019,8,G2,EUR,13,153
2019-09,2019,9,G2,EUR,11,122
2019-10,2019,10,G2,EUR,12,120
2019-11,2019,11,G2,EUR,9,229
2019-12,2019,12,G2,EUR,9,224
2020-01,2020,1,G2,EUR,6,380
2020-02,2020,2,G2,EUR,5,466
2020-03,2020,3,G2,EUR,5,496
2020-04,2020,4,G2,EUR,3,710
2020-05,2020,5,G2,EUR,5,491
2020-06,2020,6,G2,EUR,4,594
2020-07,2020,7,G2,EUR,6,408
2020-08,2020,8,G2,EUR,4,585
2020-09,2020,9,G2,EUR,6,425
2020-10,2020,10,G2,EUR,6,420
2020-11,2020,11,G2,EUR,5,466
2020-12,2020,12,G2,EUR,4,584
2021-01,2021,1,G2,EUR,3,702
2021-02,2021,2,G2,EUR,4,637
2021-03,2021,3,G2,EUR,5,497
2021-04,2021,4,G2,EUR,4,609
2021-05,2021,5,G2,EUR,6,465
2021-06,2021,6,G2,EUR,3,688
2021-07,2021,7,G2,EUR,4,562
2021-08,2021,8,G2,EUR,6,397
2021-09,2021,9,G2,EUR,6,427
2021-10,2021,10,G2,EUR,4,590
2021-11,2021,11,G2,EUR,3,695
2021-12,2021,12,G2,EUR,4,574
2022-01,2022,1,G2,EUR,6,416
2022-02,2022,2,G2,EUR,2,817
2022-03,2022,3,G2,EUR,3,674
2022-04,2022,4,G2,EUR,2,858
2022-05,2022,5,G2,EUR,2,838
2022-06,2022,6,G2,EUR,2,833
2022-07,2022,7,G2,EUR,2,814
2022-08,2022,8,G2,EUR,5,459
2022-09,2022,9,G2,EUR,3,712
2022-10,2022,10,G2,EUR,6,414
2022-11,2022,11,G2,EUR,2,852
2022-12,2022,12,G2,EUR,4,564
2023-01,2023,1,G2,EUR,4,559
2023-02,2023,2,G2,EUR,2,867
2023-03,2023,3,G2,EUR,3,712
2023-04,2023,4,G2,EUR,4,613
2023-05,2023,5,G2,EUR,6,363
2023-06,2023,6,G2,EUR,2,816
2023-07,2023,7,G2,EUR,3,676
2023-08,2023,8,G2,EUR,3,670
2023-09,2023,9,G2,EUR,5,456
2023-10,2023,10,G2,EUR,4,591
2023-11,2023,11,G2,EUR,6,418
2023-12,2023,12,G2,EUR,3,710
2024-01,2024,1,G2,EUR,4,573
2024-02,2024,2,G2,EUR,2,888
2024-03,2024,3,G2,EUR,4,536
2024-04,2024,4,G2,EUR,5,461
2024-05,2024,5,G2,EUR,6,407
2024-06,2024,6,G2,EUR,5,483
2024-07,2024,7,G2,EUR,6,456
2024-08,2024,8,G2,EUR,3,711
2024-09,2024,9,G2,EUR,5,463
2024-10,2024,10,G2,EUR,4,557
2024-11,2024,11,G2,EUR,5,491
2024-12,2024,12,G2,EUR,4,536
2025-01,2025,1,G2,EUR,6,406
2025-02,2025,2,G2,EUR,4,577
2025-03,2025,3,G2,EUR,4,569
2025-04,2025,4,G2,EUR,4,578
2025-05,2025,5,G2,EUR,3,712
2025-06,2025,6,G2,EUR,4,609
2025-07,2025,7,G2,EUR,4,571
2025-08,2025,8,G2,EUR,5,497
2025-09,2025,9,G2,EUR,4,571
2025-10,2025,10,G2,EUR,3,717
2025-11,2025,11,G2,EUR,5,519
2025-12,2025,12,G2,EUR,7,384
2026-01,2026,1,G2,EUR,5,487
2026-02,2026,2,G2,EUR,5,487
2026-03,2026,3,G2,EUR,3,681
2026-04,2026,4,G2,EUR,5,449
2015-08,2015,8,EnVyUs,FRA,3,678
2015-09,2015,9,EnVyUs,FRA,4,584
2015-10,2015,10,EnVyUs,FRA,3,670
2015-11,2015,11,EnVyUs,FRA,5,492
2015-12,2015,12,EnVyUs,FRA,1,1014
2016-01,2016,1,EnVyUs,FRA,3,752
2016-02,2016,2,EnVyUs,FRA,4,594
2016-03,2016,3,EnVyUs,FRA,4,555
2016-04,2016,4,EnVyUs,FRA,5,526
2016-05,2016,5,EnVyUs,FRA,2,812
2016-06,2016,6,EnVyUs,FRA,4,581
2016-07,2016,7,EnVyUs,FRA,1,997
2016-08,2016,8,EnVyUs,FRA,1,992
2016-09,2016,9,EnVyUs,FRA,1,1030
2016-10,2016,10,EnVyUs,FRA,1,965
2016-11,2016,11,EnVyUs,FRA,4,606
2016-12,2016,12,EnVyUs,FRA,4,567
2017-01,2017,1,EnVyUs,FRA,2,795
2022-09,2022,9,Outsiders,RUS,8,282
2022-10,2022,10,Outsiders,RUS,5,515
2022-11,2022,11,Outsiders,RUS,9,234
2022-12,2022,12,Outsiders,RUS,9,253
2023-01,2023,1,Outsiders,RUS,6,432
2023-02,2023,2,Outsiders,RUS,7,310
2017-01,2017,1,MOUZ,DEU,13,121
2017-02,2017,2,MOUZ,DEU,12,165
2017-03,2017,3,MOUZ,DEU,13,55
2017-04,2017,4,MOUZ,DEU,14,76
2017-05,2017,5,MOUZ,DEU,11,160
2017-06,2017,6,MOUZ,DEU,11,177
2017-07,2017,7,MOUZ,DEU,10,213
2017-08,2017,8,MOUZ,DEU,11,159
2017-09,2017,9,MOUZ,DEU,14,84
2017-10,2017,10,MOUZ,DEU,12,148
2017-11,2017,11,MOUZ,DEU,14,112
2017-12,2017,12,MOUZ,DEU,10,220
2018-01,2018,1,MOUZ,DEU,11,88
2018-02,2018,2,MOUZ,DEU,11,133
2018-03,2018,3,MOUZ,DEU,10,184
2018-04,2018,4,MOUZ,DEU,10,148
2018-05,2018,5,MOUZ,DEU,14,96
2018-06,2018,6,MOUZ,DEU,12,165
2018-07,2018,7,MOUZ,DEU,11,176
2018-08,2018,8,MOUZ,DEU,10,206
2018-09,2018,9,MOUZ,DEU,11,222
2018-10,2018,10,MOUZ,DEU,14,120
2018-11,2018,11,MOUZ,DEU,13,126
2018-12,2018,12,MOUZ,DEU,10,226
2019-01,2019,1,MOUZ,DEU,17,50
2019-02,2019,2,MOUZ,DEU,18,76
2019-03,2019,3,MOUZ,DEU,15,144
2019-04,2019,4,MOUZ,DEU,15,61
2019-05,2019,5,MOUZ,DEU,15,72
2019-06,2019,6,MOUZ,DEU,15,68
2019-07,2019,7,MOUZ,DEU,17,50
2019-08,2019,8,MOUZ,DEU,19,50
2019-09,2019,9,MOUZ,DEU,18,50
2019-10,2019,10,MOUZ,DEU,17,104
2019-11,2019,11,MOUZ,DEU,15,112
2019-12,2019,12,MOUZ,DEU,17,62
2020-01,2020,1,MOUZ,DEU,17,63
2020-02,2020,2,MOUZ,DEU,19,73
2020-03,2020,3,MOUZ,DEU,15,92
2020-04,2020,4,MOUZ,DEU,19,50
2020-05,2020,5,MOUZ,DEU,18,57
2020-06,2020,6,MOUZ,DEU,16,123
2020-07,2020,7,MOUZ,DEU,16,77
2020-08,2020,8,MOUZ,DEU,17,87
2020-09,2020,9,MOUZ,DEU,18,50
2020-10,2020,10,MOUZ,DEU,16,50
2020-11,2020,11,MOUZ,DEU,15,50
2020-12,2020,12,MOUZ,DEU,15,117
2021-01,2021,1,MOUZ,DEU,17,81
2021-02,2021,2,MOUZ,DEU,15,57
2021-03,2021,3,MOUZ,DEU,15,86
2021-04,2021,4,MOUZ,DEU,16,66
2021-05,2021,5,MOUZ,DEU,15,82
2021-06,2021,6,MOUZ,DEU,15,149
2021-07,2021,7,MOUZ,DEU,16,93
2021-08,2021,8,MOUZ,DEU,15,101
2021-09,2021,9,MOUZ,DEU,19,50
2021-10,2021,10,MOUZ,DEU,17,50
2021-11,2021,11,MOUZ,DEU,17,76
2021-12,2021,12,MOUZ,DEU,15,56
2022-01,2022,1,MOUZ,DEU,19,50
2022-02,2022,2,MOUZ,DEU,16,104
2022-03,2022,3,MOUZ,DEU,16,83
2022-04,2022,4,MOUZ,DEU,17,71
2022-05,2022,5,MOUZ,DEU,18,51
2022-06,2022,6,MOUZ,DEU,18,50
2022-07,2022,7,MOUZ,DEU,16,70
2022-08,2022,8,MOUZ,DEU,16,75
2022-09,2022,9,MOUZ,DEU,19,78
2022-10,2022,10,MOUZ,DEU,16,106
2022-11,2022,11,MOUZ,DEU,19,50
2022-12,2022,12,MOUZ,DEU,19,51
2023-01,2023,1,MOUZ,DEU,19,76
2023-02,2023,2,MOUZ,DEU,17,84
2023-03,2023,3,MOUZ,DEU,19,50
2023-04,2023,4,MOUZ,DEU,17,75
2023-05,2023,5,MOUZ,DEU,18,50
2023-06,2023,6,MOUZ,DEU,15,77
2023-07,2023,7,MOUZ,DEU,19,50
2023-08,2023,8,MOUZ,DEU,15,50
2023-09,2023,9,MOUZ,DEU,15,62
2023-10,2023,10,MOUZ,DEU,15,81
2023-11,2023,11,MOUZ,DEU,4,575
2023-12,2023,12,MOUZ,DEU,6,426
2024-01,2024,1,MOUZ,DEU,7,326
2024-02,2024,2,MOUZ,DEU,5,503
2024-03,2024,3,MOUZ,DEU,3,657
2024-04,2024,4,MOUZ,DEU,7,356
2024-05,2024,5,MOUZ,DEU,5,485
2024-06,2024,6,MOUZ,DEU,5,437
2024-07,2024,7,MOUZ,DEU,5,445
2024-08,2024,8,MOUZ,DEU,3,705
2024-09,2024,9,MOUZ,DEU,4,553
2024-10,2024,10,MOUZ,DEU,5,475
2024-11,2024,11,MOUZ,DEU,4,566
2024-12,2024,12,MOUZ,DEU,4,597
2025-01,2025,1,MOUZ,DEU,3,722
2025-02,2025,2,MOUZ,DEU,5,493
2025-03,2025,3,MOUZ,DEU,3,676
2025-04,2025,4,MOUZ,DEU,5,445
2025-05,2025,5,MOUZ,DEU,2,826
2025-06,2025,6,MOUZ,DEU,3,638
2025-07,2025,7,MOUZ,DEU,4,560
2025-08,2025,8,MOUZ,DEU,5,526
2025-09,2025,9,MOUZ,DEU,2,799
2025-10,2025,10,MOUZ,DEU,3,725
2025-11,2025,11,MOUZ,DEU,3,679
2025-12,2025,12,MOUZ,DEU,4,566
2026-01,2026,1,MOUZ,DEU,5,428
2026-02,2026,2,MOUZ,DEU,4,536
2026-03,2026,3,MOUZ,DEU,3,736
2026-04,2026,4,MOUZ,DEU,4,571
2018-08,2018,8,BIG,DEU,8,311
2018-09,2018,9,BIG,DEU,5,539
2018-10,2018,10,BIG,DEU,9,236
2018-11,2018,11,BIG,DEU,9,282
2018-12,2018,12,BIG,DEU,9,262
2019-01,2019,1,BIG,DEU,5,461
2019-02,2019,2,BIG,DEU,9,230
2019-03,2019,3,BIG,DEU,6,382
2019-04,2019,4,BIG,DEU,7,297
2019-05,2019,5,BIG,DEU,5,462
2019-06,2019,6,BIG,DEU,5,511
2019-07,2019,7,BIG,DEU,7,336
2019-08,2019,8,BIG,DEU,9,251
2019-09,2019,9,BIG,DEU,9,212
2019-10,2019,10,BIG,DEU,8,304
2019-11,2019,11,BIG,DEU,6,471
2019-12,2019,12,BIG,DEU,5,475
2020-01,2020,1,BIG,DEU,5,505
2020-02,2020,2,BIG,DEU,7,326
2020-03,2020,3,BIG,DEU,9,226
2020-04,2020,4,BIG,DEU,7,318
2020-05,2020,5,BIG,DEU,9,226
2020-06,2020,6,BIG,DEU,8,308
2020-07,2020,7,BIG,DEU,8,268
2020-08,2020,8,BIG,DEU,9,189
2020-09,2020,9,BIG,DEU,2,803
2020-10,2020,10,BIG,DEU,3,693
2020-11,2020,11,BIG,DEU,6,376
2020-12,2020,12,BIG,DEU,6,387
2021-01,2021,1,BIG,DEU,4,571
2021-02,2021,2,BIG,DEU,3,714
2021-03,2021,3,BIG,DEU,4,583
2021-04,2021,4,BIG,DEU,3,686
2021-05,2021,5,BIG,DEU,6,414
2021-06,2021,6,BIG,DEU,2,812
2021-07,2021,7,BIG,DEU,6,407
2021-08,2021,8,BIG,DEU,4,588
2021-09,2021,9,BIG,DEU,13,134
2021-10,2021,10,BIG,DEU,12,183
2021-11,2021,11,BIG,DEU,10,175
2021-12,2021,12,BIG,DEU,10,197
2022-01,2022,1,BIG,DEU,13,112
2022-02,2022,2,BIG,DEU,14,99
2022-03,2022,3,BIG,DEU,12,159
2022-04,2022,4,BIG,DEU,12,138
2022-05,2022,5,BIG,DEU,11,185
2022-06,2022,6,BIG,DEU,12,157
2022-07,2022,7,BIG,DEU,10,178
2022-08,2022,8,BIG,DEU,12,193
2022-09,2022,9,BIG,DEU,12,135
2022-10,2022,10,BIG,DEU,13,101
2022-11,2022,11,BIG,DEU,14,127
2022-12,2022,12,BIG,DEU,14,102
2023-01,2023,1,BIG,DEU,10,223
2023-02,2023,2,BIG,DEU,14,126
2023-03,2023,3,BIG,DEU,10,220
2023-04,2023,4,BIG,DEU,10,206
2023-05,2023,5,BIG,DEU,13,137
2023-06,2023,6,BIG,DEU,11,150
2023-07,2023,7,BIG,DEU,11,207
2023-08,2023,8,BIG,DEU,12,158
2023-09,2023,9,BIG,DEU,13,118
2023-10,2023,10,BIG,DEU,13,115
2023-11,2023,11,BIG,DEU,12,173
2023-12,2023,12,BIG,DEU,11,122
2024-01,2024,1,BIG,DEU,12,132
2024-02,2024,2,BIG,DEU,14,90
2024-03,2024,3,BIG,DEU,14,51
2024-04,2024,4,BIG,DEU,11,182
2024-05,2024,5,BIG,DEU,10,196
2024-06,2024,6,BIG,DEU,13,142
2024-07,2024,7,BIG,DEU,12,124
2024-08,2024,8,BIG,DEU,11,178
2024-09,2024,9,BIG,DEU,12,144
2024-10,2024,10,BIG,DEU,13,110
2024-11,2024,11,BIG,DEU,14,122
2024-12,2024,12,BIG,DEU,13,74
2025-01,2025,1,BIG,DEU,14,111
2025-02,2025,2,BIG,DEU,14,108
2025-03,2025,3,BIG,DEU,14,106
2025-04,2025,4,BIG,DEU,14,116
2025-05,2025,5,BIG,DEU,13,114
2025-06,2025,6,BIG,DEU,12,130
2025-07,2025,7,BIG,DEU,10,248
2025-08,2025,8,BIG,DEU,14,108
2025-09,2025,9,BIG,DEU,11,123
2025-10,2025,10,BIG,DEU,11,154
2025-11,2025,11,BIG,DEU,14,50
2025-12,2025,12,BIG,DEU,11,155
2026-01,2026,1,BIG,DEU,13,62
2026-02,2026,2,BIG,DEU,11,201
2026-03,2026,3,BIG,DEU,10,235
2026-04,2026,4,BIG,DEU,14,97
2019-04,2019,4,FURIA,BRA,10,231
2019-05,2019,5,FURIA,BRA,7,367
2019-06,2019,6,FURIA,BRA,7,316
2019-07,2019,7,FURIA,BRA,6,417
2019-08,2019,8,FURIA,BRA,8,238
2019-09,2019,9,FURIA,BRA,6,463
2019-10,2019,10,FURIA,BRA,7,355
2019-11,2019,11,FURIA,BRA,8,288
2019-12,2019,12,FURIA,BRA,8,281
2020-01,2020,1,FURIA,BRA,9,216
2020-02,2020,2,FURIA,BRA,8,259
2020-03,2020,3,FURIA,BRA,9,271
2020-04,2020,4,FURIA,BRA,7,314
2020-05,2020,5,FURIA,BRA,9,234
2020-06,2020,6,FURIA,BRA,9,245
2020-07,2020,7,FURIA,BRA,7,364
2020-08,2020,8,FURIA,BRA,10,199
2020-09,2020,9,FURIA,BRA,7,347
2020-10,2020,10,FURIA,BRA,9,252
2020-11,2020,11,FURIA,BRA,6,460
2020-12,2020,12,FURIA,BRA,10,209
2021-01,2021,1,FURIA,BRA,7,299
2021-02,2021,2,FURIA,BRA,10,177
2021-03,2021,3,FURIA,BRA,10,205
2021-04,2021,4,FURIA,BRA,10,150
2021-05,2021,5,FURIA,BRA,8,270
2021-06,2021,6,FURIA,BRA,6,441
2021-07,2021,7,FURIA,BRA,9,242
2021-08,2021,8,FURIA,BRA,7,369
2021-09,2021,9,FURIA,BRA,6,381
2021-10,2021,10,FURIA,BRA,8,278
2021-11,2021,11,FURIA,BRA,9,203
2021-12,2021,12,FURIA,BRA,6,364
2022-01,2022,1,FURIA,BRA,7,324
2022-02,2022,2,FURIA,BRA,9,227
2022-03,2022,3,FURIA,BRA,8,266
2022-04,2022,4,FURIA,BRA,8,283
2022-05,2022,5,FURIA,BRA,6,387
2022-06,2022,6,FURIA,BRA,8,325
2022-07,2022,7,FURIA,BRA,6,389
2022-08,2022,8,FURIA,BRA,7,378
2022-09,2022,9,FURIA,BRA,7,325
2022-10,2022,10,FURIA,BRA,6,402
2022-11,2022,11,FURIA,BRA,9,273
2022-12,2022,12,FURIA,BRA,9,216
2023-01,2023,1,FURIA,BRA,6,408
2023-02,2023,2,FURIA,BRA,7,314
2023-03,2023,3,FURIA,BRA,7,339
2023-04,2023,4,FURIA,BRA,7,368
2023-05,2023,5,FURIA,BRA,12,155
2023-06,2023,6,FURIA,BRA,14,126
2023-07,2023,7,FURIA,BRA,12,132
2023-08,2023,8,FURIA,BRA,10,214
2023-09,2023,9,FURIA,BRA,14,111
2023-10,2023,10,FURIA,BRA,13,113
2023-11,2023,11,FURIA,BRA,13,91
2023-12,2023,12,FURIA,BRA,14,132
2024-01,2024,1,FURIA,BRA,12,179
2024-02,2024,2,FURIA,BRA,14,83
2024-03,2024,3,FURIA,BRA,12,197
2024-04,2024,4,FURIA,BRA,13,88
2024-05,2024,5,FURIA,BRA,11,169
2024-06,2024,6,FURIA,BRA,11,197
2024-07,2024,7,FURIA,BRA,14,95
2024-08,2024,8,FURIA,BRA,11,150
2024-09,2024,9,FURIA,BRA,12,114
2024-10,2024,10,FURIA,BRA,10,193
2024-11,2024,11,FURIA,BRA,14,71
2024-12,2024,12,FURIA,BRA,14,78
2025-01,2025,1,FURIA,BRA,12,102
2025-02,2025,2,FURIA,BRA,10,187
2025-03,2025,3,FURIA,BRA,11,155
2025-04,2025,4,FURIA,BRA,10,191
2025-05,2025,5,FURIA,BRA,14,79
2025-06,2025,6,FURIA,BRA,10,215
2025-07,2025,7,FURIA,BRA,10,186
2025-08,2025,8,FURIA,BRA,11,177
2025-09,2025,9,FURIA,BRA,13,124
2025-10,2025,10,FURIA,BRA,10,237
2025-11,2025,11,FURIA,BRA,10,153
2025-12,2025,12,FURIA,BRA,12,149
2026-01,2026,1,FURIA,BRA,12,132
2026-02,2026,2,FURIA,BRA,10,222
2026-03,2026,3,FURIA,BRA,12,100
2026-04,2026,4,FURIA,BRA,13,118
2022-04,2022,4,Team Spirit,RUS,8,277
2022-05,2022,5,Team Spirit,RUS,7,371
2022-06,2022,6,Team Spirit,RUS,5,454
2022-07,2022,7,Team Spirit,RUS,8,257
2022-08,2022,8,Team Spirit,RUS,7,330
2022-09,2022,9,Team Spirit,RUS,9,271
2022-10,2022,10,Team Spirit,RUS,7,351
2022-11,2022,11,Team Spirit,RUS,8,287
2022-12,2022,12,Team Spirit,RUS,7,318
2023-01,2023,1,Team Spirit,RUS,8,305
2023-02,2023,2,Team Spirit,RUS,7,360
2023-03,2023,3,Team Spirit,RUS,6,436
2023-04,2023,4,Team Spirit,RUS,7,335
2023-05,2023,5,Team Spirit,RUS,7,349
2023-06,2023,6,Team Spirit,RUS,9,244
2023-07,2023,7,Team Spirit,RUS,9,234
2023-08,2023,8,Team Spirit,RUS,6,424
2023-09,2023,9,Team Spirit,RUS,9,235
2023-10,2023,10,Team Spirit,RUS,8,280
2023-11,2023,11,Team Spirit,RUS,6,408
2023-12,2023,12,Team Spirit,RUS,5,490
2024-01,2024,1,Team Spirit,RUS,6,432
2024-02,2024,2,Team Spirit,RUS,8,288
2024-03,2024,3,Team Spirit,RUS,5,519
2024-04,2024,4,Team Spirit,RUS,6,411
2024-05,2024,5,Team Spirit,RUS,2,820
2024-06,2024,6,Team Spirit,RUS,4,560
2024-07,2024,7,Team Spirit,RUS,3,693
2024-08,2024,8,Team Spirit,RUS,3,666
2024-09,2024,9,Team Spirit,RUS,5,457
2024-10,2024,10,Team Spirit,RUS,2,878
2024-11,2024,11,Team Spirit,RUS,5,475
2024-12,2024,12,Team Spirit,RUS,3,687
2025-01,2025,1,Team Spirit,RUS,3,674
2025-02,2025,2,Team Spirit,RUS,3,759
2025-03,2025,3,Team Spirit,RUS,3,732
2025-04,2025,4,Team Spirit,RUS,3,713
2025-05,2025,5,Team Spirit,RUS,1,979
2025-06,2025,6,Team Spirit,RUS,1,1025
2025-07,2025,7,Team Spirit,RUS,1,1029
2025-08,2025,8,Team Spirit,RUS,3,685
2025-09,2025,9,Team Spirit,RUS,1,995
2025-10,2025,10,Team Spirit,RUS,1,973
2025-11,2025,11,Team Spirit,RUS,4,592
2025-12,2025,12,Team Spirit,RUS,2,794
2026-01,2026,1,Team Spirit,RUS,1,1002
2026-02,2026,2,Team Spirit,RUS,3,667
2026-03,2026,3,Team Spirit,RUS,2,851
2026-04,2026,4,Team Spirit,RUS,3,716
2024-01,2024,1,Falcons,SAU,11,187
2024-02,2024,2,Falcons,SAU,14,55
2024-03,2024,3,Falcons,SAU,14,82
2024-04,2024,4,Falcons,SAU,10,184
2024-05,2024,5,Falcons,SAU,12,120
2024-06,2024,6,Falcons,SAU,12,181
2024-07,2024,7,Falcons,SAU,13,135
2024-08,2024,8,Falcons,SAU,12,162
2024-09,2024,9,Falcons,SAU,4,597
2024-10,2024,10,Falcons,SAU,3,693
2024-11,2024,11,Falcons,SAU,5,476
2024-12,2024,12,Falcons,SAU,4,596
2025-01,2025,1,Falcons,SAU,3,686
2025-02,2025,2,Falcons,SAU,3,672
2025-03,2025,3,Falcons,SAU,4,620
2025-04,2025,4,Falcons,SAU,5,499
2025-05,2025,5,Falcons,SAU,3,724
2025-06,2025,6,Falcons,SAU,4,585
2025-07,2025,7,Falcons,SAU,2,835
2025-08,2025,8,Falcons,SAU,5,472
2025-09,2025,9,Falcons,SAU,2,824
2025-10,2025,10,Falcons,SAU,3,694
2025-11,2025,11,Falcons,SAU,2,815
2025-12,2025,12,Falcons,SAU,3,725
2026-01,2026,1,Falcons,SAU,4,599
2026-02,2026,2,Falcons,SAU,5,480
2026-03,2026,3,Falcons,SAU,3,712
2026-04,2026,4,Falcons,SAU,3,691
2024-06,2024,6,The MongolZ,MNG,6,430
2024-07,2024,7,The MongolZ,MNG,10,173
2024-08,2024,8,The MongolZ,MNG,8,262
2024-09,2024,9,The MongolZ,MNG,7,382
2024-10,2024,10,The MongolZ,MNG,6,358
2024-11,2024,11,The MongolZ,MNG,6,372
2024-12,2024,12,The MongolZ,MNG,6,390
2025-01,2025,1,The MongolZ,MNG,6,396
2025-02,2025,2,The MongolZ,MNG,7,326
2025-03,2025,3,The MongolZ,MNG,8,270
2025-04,2025,4,The MongolZ,MNG,2,798
2025-05,2025,5,The MongolZ,MNG,3,716
2025-06,2025,6,The MongolZ,MNG,4,603
2025-07,2025,7,The MongolZ,MNG,3,705
2025-08,2025,8,The MongolZ,MNG,3,714
2025-09,2025,9,The MongolZ,MNG,3,697
2025-10,2025,10,The MongolZ,MNG,2,832
2025-11,2025,11,The MongolZ,MNG,6,454
2025-12,2025,12,The MongolZ,MNG,6,364
2026-01,2026,1,The MongolZ,MNG,4,559
2026-02,2026,2,The MongolZ,MNG,6,431
2026-03,2026,3,The MongolZ,MNG,4,557
2026-04,2026,4,The MongolZ,MNG,3,710
2023-05,2023,5,GamerLegion,EUR,10,211
2023-06,2023,6,GamerLegion,EUR,11,171
2023-07,2023,7,GamerLegion,EUR,12,139
2023-08,2023,8,GamerLegion,EUR,14,92
2023-09,2023,9,GamerLegion,EUR,11,179
2023-10,2023,10,GamerLegion,EUR,14,114
2023-11,2023,11,GamerLegion,EUR,11,139
2023-12,2023,12,GamerLegion,EUR,12,123
2024-01,2024,1,GamerLegion,EUR,12,157
2024-02,2024,2,GamerLegion,EUR,12,162
2024-03,2024,3,GamerLegion,EUR,11,201
2024-04,2024,4,GamerLegion,EUR,10,232
2024-05,2024,5,GamerLegion,EUR,14,75
2024-06,2024,6,GamerLegion,EUR,7,378
2024-07,2024,7,GamerLegion,EUR,9,240
2024-08,2024,8,GamerLegion,EUR,7,331
2024-09,2024,9,GamerLegion,EUR,10,161
2024-10,2024,10,GamerLegion,EUR,7,355
2024-11,2024,11,GamerLegion,EUR,9,313
2024-12,2024,12,GamerLegion,EUR,9,209
2025-01,2025,1,GamerLegion,EUR,9,249
2025-02,2025,2,GamerLegion,EUR,9,275
2025-03,2025,3,GamerLegion,EUR,10,212
2025-04,2025,4,GamerLegion,EUR,11,119
2025-05,2025,5,GamerLegion,EUR,10,171
2025-06,2025,6,GamerLegion,EUR,8,236
2025-07,2025,7,GamerLegion,EUR,10,141
2025-08,2025,8,GamerLegion,EUR,7,306
2025-09,2025,9,GamerLegion,EUR,7,318
2025-10,2025,10,GamerLegion,EUR,11,175
2025-11,2025,11,GamerLegion,EUR,10,220
2025-12,2025,12,GamerLegion,EUR,9,255
2026-01,2026,1,GamerLegion,EUR,7,339
2026-02,2026,2,GamerLegion,EUR,11,172
2026-03,2026,3,GamerLegion,EUR,7,343
2026-04,2026,4,GamerLegion,EUR,10,187
2020-08,2020,8,Complexity,USA,9,216
2020-09,2020,9,Complexity,USA,8,294
2020-10,2020,10,Complexity,USA,8,267
2020-11,2020,11,Complexity,USA,6,390
2020-12,2020,12,Complexity,USA,10,222
2021-01,2021,1,Complexity,USA,6,408
2021-02,2021,2,Complexity,USA,10,218
2021-03,2021,3,Complexity,USA,8,269
2021-04,2021,4,Complexity,USA,17,81
2021-05,2021,5,Complexity,USA,19,50
2021-06,2021,6,Complexity,USA,17,57
2021-07,2021,7,Complexity,USA,20,61
2021-08,2021,8,Complexity,USA,21,50
2021-09,2021,9,Complexity,USA,19,52
2021-10,2021,10,Complexity,USA,20,79
2021-11,2021,11,Complexity,USA,20,50
2021-12,2021,12,Complexity,USA,17,65
2022-01,2022,1,Complexity,USA,20,81
2022-02,2022,2,Complexity,USA,20,78
2022-03,2022,3,Complexity,USA,20,50
2022-04,2022,4,Complexity,USA,19,50
2022-05,2022,5,Complexity,USA,17,61
2022-06,2022,6,Complexity,USA,18,50
2022-07,2022,7,Complexity,USA,20,50
2022-08,2022,8,Complexity,USA,17,76
2022-09,2022,9,Complexity,USA,18,53
2022-10,2022,10,Complexity,USA,17,50
2022-11,2022,11,Complexity,USA,19,50
2022-12,2022,12,Complexity,USA,21,56
2023-01,2023,1,Complexity,USA,21,53
2023-02,2023,2,Complexity,USA,20,50
2023-03,2023,3,Complexity,USA,19,50
2023-04,2023,4,Complexity,USA,17,50
2023-05,2023,5,Complexity,USA,17,50
2023-06,2023,6,Complexity,USA,19,70
2023-07,2023,7,Complexity,USA,17,56
2023-08,2023,8,Complexity,USA,18,50
2023-09,2023,9,Complexity,USA,18,52
2023-10,2023,10,Complexity,USA,19,50
2023-11,2023,11,Complexity,USA,20,50
2023-12,2023,12,Complexity,USA,20,50
2024-01,2024,1,Complexity,USA,21,50
2024-02,2024,2,Complexity,USA,19,50
2024-03,2024,3,Complexity,USA,18,50
2024-04,2024,4,Complexity,USA,19,50
2024-05,2024,5,Complexity,USA,19,52
2024-06,2024,6,Complexity,USA,19,50
2024-07,2024,7,Complexity,USA,17,104
2024-08,2024,8,Complexity,USA,17,55
2024-09,2024,9,Complexity,USA,20,50
2024-10,2024,10,Complexity,USA,18,50
2024-11,2024,11,Complexity,USA,17,50
2024-12,2024,12,Complexity,USA,17,50
2025-01,2025,1,Complexity,USA,21,78
2025-02,2025,2,Complexity,USA,21,53
2025-03,2025,3,Complexity,USA,17,54
2025-04,2025,4,Complexity,USA,21,50
2025-05,2025,5,Complexity,USA,18,50
2025-06,2025,6,Complexity,USA,19,50
2025-07,2025,7,Complexity,USA,19,50
2025-08,2025,8,Complexity,USA,20,90
2025-09,2025,9,Complexity,USA,21,50
2025-10,2025,10,Complexity,USA,19,50
2025-11,2025,11,Complexity,USA,17,62
2025-12,2025,12,Complexity,USA,20,50
2026-01,2026,1,Complexity,USA,20,50
2026-02,2026,2,Complexity,USA,21,50
2026-03,2026,3,Complexity,USA,18,81
2026-04,2026,4,Complexity,USA,21,68
2025-08,2025,8,Aurora,TUR,10,196
2025-09,2025,9,Aurora,TUR,9,224
2025-10,2025,10,Aurora,TUR,9,217
2025-11,2025,11,Aurora,TUR,11,223
2025-12,2025,12,Aurora,TUR,8,304
2026-01,2026,1,Aurora,TUR,9,268
2026-02,2026,2,Aurora,TUR,8,300
2026-03,2026,3,Aurora,TUR,10,159
2026-04,2026,4,Aurora,TUR,11,158
